id_acao;grupo;dimensao;titulo;data;instrumento;origem;tipo;status;valor_nominal;unidade_valor;ano_valor;fontes_primarias;nivel_evidencia;fontes_corroboracao;observacoes
GES2-B01;B;D4;Perfil do Ministro da Educação Ricardo Vélez Rodríguez (01/01/2019-08/04/2019);2019-01-01;Decreto 9.665/2019 (assinatura) + Acórdão TCU 18007/2021 (contas MEC 2019);Executivo;indicador;parcial;3.2;meses no cargo;2019;GES2-020|GES2-002|GES2-012;A;GES2-031|GES-004;"R1 Parcial (Filosofia: grad. e doutorado, Gama Filho 1982 - só D); R2 Sim (aposentado da UFJF - B, cargo não indicado; docência - D); R3 Não (sem registro); R4 Não (sem registro); R5 Não (sem registro). Formação: Filosofia (grad. Javeriana; doutorado Gama Filho), Teologia (grad.), mestrado PUC-Rio - só D. Posse/saída: datas por fonte D; no cargo em 02/01/2019 (A). Motivo da saída: sem fonte A/B. Contas MEC 2019: regulares (B)."
GES2-B02;B;D4;Perfil do Ministro da Educação Abraham Weintraub (08/04/2019-19/06/2020);2019-04-08;Decreto 9.765/2019 e MP 979/2020 (assinaturas) + Acórdão TCU 2419/2020 (exoneração);Executivo;indicador;implementada;14.4;meses no cargo;2020;GES2-021|GES2-022|GES2-001|GES2-002;A;GES2-013|GES2-014|GES2-032;"R1 Não (Economia USP; mestrado Adm./Finanças FGV - D); R2 Sim (admissão na Unifesp 2015 - B, cargo não indicado; professor - D); R3 Não (sem registro); R4 Parcial (responsável nas contas da Presidência 2019 - B, cargo não indicado; Secretário-Executivo da Casa Civil - só D); R5 Não (sem registro). Setor privado (D): Banco Votorantim, Quest Investimentos. Saída: exoneração com efeito em 19/06/2020 (ato publicado em 20/06, retificado) - B; se foi a pedido: não confirmado. Contas MEC 2019 regulares (B)."
GES2-B03;B;D4;Perfil do Ministro da Educação Milton Ribeiro (16/07/2020-28/03/2022);2020-07-16;Lei 14.040/2020 (assinatura) + Acórdão TCU 1344/2025 (contas MEC 2022);Executivo;indicador;parcial;20.4;meses no cargo;2022;GES2-023|GES2-003;A;GES2-033|GES2-035|GES2-015;"R1 Sim (doutorado em Educação, USP 2006 - só D); R2 Sim (professor da Univ. Mackenzie - só D); R3 Sim (vice-reitor do Mackenzie - só D); R4 Não (sem registro); R5 Não (sem registro). Também (D): Teologia, Direito, mestrado em Direito (Mackenzie); pastor presbiteriano. Posse 16/07/2020 e saída 28/03/2022: só D; no cargo em 18/08/2020 (A) e responsável nas contas MEC 2022 (B, regulares). Formação, docência e gestão educacional: nao_confirmado em A/B."
GES2-B04;B;D4;"Perfil do Ministro da Educação Victor Godoy Veiga (29/03/2022 interino; 14/04/2022 efetivo; até 31/12/2022)";2022-03-29;Decreto 11.238/2022 (assinatura) + agenda Inep (SE/MEC em mar/2022) + Acórdão TCU 1344/2025;Executivo;indicador;implementada;9.1;meses no cargo (desde 29/03/2022);2022;GES2-024|GES2-030|GES2-003|GES2-026;A;GES2-011|GES2-034|GES2-035;"R1 Não (Engenharia de redes, UnB 2003; pós lato sensu ESG - só D); R2 Não (sem registro); R3 Sim (Secretário-Executivo do MEC - A em mar/2022; desde jul/2020 - D); R4 Sim (Secretário-Executivo do MEC - A; diretor de auditoria na CGU - D); R5 Sim (SE/MEC - A). Servidor da CGU (admissão - B; Auditor Federal de Finanças e Controle desde 2004 - D). Datas de interinidade/efetivação só por fonte D (decreto DOU de 29/03/2022 identificado, não lido). Fim: 31/12/2022 (sucessor assina em 01/01/2023 - A). Contas MEC 2022 regulares (B)."
GES2-B05;B;D4;"Carlos Alberto Decotelli da Silva: nomeado Ministro da Educação em 25/06/2020; nomeação tornada sem efeito em 30/06/2020, sem posse";2020-06-25;Decretos de 25/06/2020 e 30/06/2020 (DOU) - não acessados;Executivo;indicador;nao_confirmado;0;meses no cargo (sem posse);2020;GES2-037;D;GES-004|GES2-019;"Registrado só como fato; não entra na contagem de ministros titulares. Motivo citado em fonte D: controvérsias sobre o currículo. Vínculo com o FNDE em 2019: responsável em acórdãos TCU (B, cargo não indicado); presidente do FNDE fev.-ago./2019 só por fonte D. Rubrica não aplicada (não tomou posse)."
GES2-A01;A;D4;Perfil do Ministro da Educação Camilo Sobreira de Santana (01/01/2023-02/04/2026);2023-01-01;Decreto 11.342/2023 (assinatura) + Dados do Senado (exercício do mandato a partir de 02/04/2026) + Acórdão TCU 3581/2025;Executivo;indicador;implementada;39.0;meses no cargo;2026;GES2-026|GES2-028|GES2-004;A;GES2-036|GES2-029|GES2-016|GES-001;"R1 Não (Agronomia UFC; mestrado em Desenvolvimento e Meio Ambiente UFC - só D); R2 Não (sem registro); R3 Não (sem registro); R4 Sim (Governador do CE 2015-2022 e secretário estadual 2007-2012 - só D; responsável em contas FNE 2016 e TCE do Estado do CE - B, cargo não indicado); R5 Não (sem registro). Mandatos legislativos: deputado estadual CE (A, lista ALECE; 2011-2014 por D); senador (A). Servidor admitido no Ibama (B). Saída: reassumiu o exercício do mandato de senador em 02/04/2026 (A); ato de exoneração não acessado. Retornos de 1-2 dias ao Senado (fev/2023, dez/2023, fev/2025) não contados como interrupção. Contas MEC 2023 regulares (B)."
GES2-A02;A;D4;"Perfil do Ministro da Educação Leonardo Osvaldo Barchini Rosa (a partir de 02/04/2026; em exercício na data de corte)";2026-04-02;Lei 15.388/2026 (assinatura em 14/04/2026) + Acórdão TCU 921/2026 (trajetória no MEC);Executivo;indicador;parcial;5.9;meses no cargo até 30/09/2026;2026;GES2-027|GES2-006|GES2-007|GES2-008;A;GES-002|GES-003|GES2-038|GES2-039;"R1 Parcial (Direito; mestrado em Ciências Sociais UnB - só D); R2 Não (sem registro; doutorando - D); R3 Sim (Secretário-Executivo do MEC até set/2023 e a partir de 07/08/2024 - B; Auditor-Chefe da Capes em 2005 - B); R4 Sim (SE/MEC - B; secretário municipal em SP - só D); R5 Sim (Capes desde admissão - B; SE/MEC - B). Posse em 02/04/2026: só D; assina como Ministro em 14/04/2026 e 18/06/2026 (A); citado como ministro em 29/09/2026 (A). Não se confirmou em A/B se é titular efetivo ou interino. Contas MEC 2023 regulares e 2024 regulares com ressalva contábil (B)."
GES2-B06;B;D4;TCU: representação sobre viagem de Weintraub aos EUA após a exoneração (uso de passaporte diplomático) julgada improcedente, com cópia ao MPF;2020-09-09;Acórdão TCU 2419/2020-Plenário;Executivo;indicador;implementada;;;;GES2-001;B;GES2-032;"Status exato: representação conhecida e considerada improcedente; cópia ao MPF para apurar eventual improbidade; processo arquivado no TCU. Desdobramento no MPF não verificado."
GES2-B07;B;D4;TCU julga regulares, com quitação plena, as contas do MEC de 2019 (inclui os ministros Vélez Rodríguez e Weintraub);2021-10-19;Acórdão TCU 18007/2021-2ª Câmara;Executivo;indicador;implementada;;;;GES2-002;B;;Mesmo procedimento aplicado aos exercícios 2022, 2023 e 2024. Contas do MEC de 2020, 2021 e 2025 não localizadas no TCU.
GES2-B08;B;D4;TCU julga regulares, com quitação plena, as contas do MEC de 2022 (inclui os ministros Milton Ribeiro e Victor Godoy Veiga);2025-02-25;Acórdão TCU 1344/2025-1ª Câmara;Executivo;indicador;implementada;;;;GES2-003;B;;Todas as contas regulares, sem ressalva (segundo a extração).
GES2-B09;B;D4;"TCU: representação sobre direcionamento de recursos MEC/FNDE (PAR) no período jul/2020-mar/2022, 'durante a gestão do então Ministro da Educação, Sr. Milton Ribeiro', julgada procedente; o ex-ministro não consta como responsável";2023-11-22;Acórdão TCU 2371/2023-Plenário;Executivo;indicador;implementada;;;;GES2-015;B;GES-013|GES-014;"Mesma decisão de GES-X18 (sem dupla contagem); aqui só para o perfil. O processo apartado (Acórdão 2520/2026, GES-014) concluiu sem multa para os dirigentes do FNDE ouvidos."
GES2-B10;B;D4;Milton Ribeiro: saída do cargo em 28/03/2022 e prisão preventiva pela PF em 22/06/2022 (investigação de corrupção passiva, prevaricação, advocacia administrativa e tráfico de influência);2022-06-22;Decisão judicial/ato da PF - não acessado;Judiciario;indicador;nao_confirmado;;;;GES2-033;D;GES2-035;Só fontes D. STF (portal e notícias: 403), gov.br/pf (busca sem resultado) e DOU inacessíveis. Status processual atual não verificado. Não usar como fato confirmado.
GES2-B11;B;D4;Abraham Weintraub: investigações no STF (citadas como 'duas investigações abertas') antes da saída do MEC;2020-06;Inquéritos STF - não acessados;Judiciario;indicador;nao_confirmado;;;;GES2-032;D;;Só fonte D, sem identificação dos processos. STF inacessível (403). Não usar como fato confirmado.
GES2-A03;A;D4;TCU julga regulares as contas do MEC de 2023 (inclui o ministro Camilo Santana e Leonardo Barchini);2025-07-01;Acórdão TCU 3581/2025-2ª Câmara;Executivo;indicador;implementada;;;;GES2-004;B;;"Duas subsecretárias com ressalva; demais responsáveis, regulares."
GES2-A04;A;D4;TCU julga regulares com ressalva as contas de 2024 do MEC dos responsáveis Izolda Cela, Leonardo Barchini e outros (divergências contábeis de R$ 4,367 bi);2025-11-18;Acórdão TCU 8117/2025-1ª Câmara;Executivo;indicador;implementada;4367000000;R$ (divergências contábeis apontadas);2024;GES2-005;B;;Ressalvas de natureza contábil/patrimonial. Camilo Santana não aparece no extrato (a peça 10 com os demais responsáveis não foi acessada).
GES2-A05;A;D4;"TCU: representação sobre acordos com a OEI e possível conflito de interesses de Leonardo Barchini (SE/MEC e ex-diretor da OEI) julgada parcialmente procedente; ponto do conflito de interesses considerado improcedente; sem multa";2026-04-15;Acórdão TCU 921/2026-Plenário;Executivo;indicador;implementada;;;;GES2-006;B;;"Status exato: parcialmente procedente, sem novos encaminhamentos; cópia à Comissão de Ética Pública, Casa Civil e AGU; arquivamento. Fato anterior à posse como ministro."
GES2-A06;A;D4;Camilo Santana: TCE sobre recursos da União repassados ao Governo do Ceará (SSPDS), na qual era responsável, arquivada por prescrição;2025-03-11;Acórdão TCU 1654/2025-1ª Câmara;Executivo;indicador;implementada;;;;GES2-018;B;;Arquivada por prescrição, sem julgamento de mérito. Fato anterior ao MEC (gestão estadual). Registrado por simetria com os registros de controle dos ministros do grupo B.
