id_acao;grupo;dimensao;titulo;data;instrumento;origem;tipo;status;valor_nominal;unidade_valor;ano_valor;fontes_primarias;nivel_evidencia;fontes_corroboracao;observacoes
IMP2-B01;B;D2;Pecim: escolas aderidas ao longo de 2019-2022 (meta 108 -> 54 em 2020 -> 127 em nov/2021 -> 216 em mai/2022), segundo o MEC;2019-07-11;Notícias de imprensa (anúncios e balanços do MEC);Executivo;indicador;implementada;216;escolas (declarado MEC);2022;IMP2-001|IMP2-002|IMP2-003|IMP2-004|IMP2-005;D;NOR-B02;"Todas as contagens são declaração do MEC; 2 veículos (AB; Poder360 só título) para 54 em 2020. Imprensa não substitui A para contagem."
IMP2-B02;B;D2;"Pecim: contagem final divergente entre veículos em jul/2023 (200 com 120 mil alunos; 202; 216)";2023-07-14;Notícias de imprensa;Executivo;indicador;nao_confirmado;200-216;escolas;2022;IMP2-006|IMP2-008|IMP2-009;D;NOR-B02;"Divergência entre veículos (Poder360 200 e 202; AB 216). 120 mil alunos só em 1 veículo (dado MEC)."
IMP2-B03;B;D2;"Decreto 10.502/2020 (PNEE) suspenso por liminar de Toffoli (01/12/2020) em ação do PSB; suspensão mantida pelo plenário do STF";2020-12-01;Notícias de imprensa (decisão judicial);Judiciario;reversao;revertida;;;;IMP2-010|IMP2-011;D;NOR-B03;"2 veículos independentes (Agência Senado; Poder360). Data do referendo do plenário não informada."
IMP2-B04;B;D2;Veto total ao PL 3.477/2020 (internet para alunos e professores, R$ 3,5 bi) e derrubada pelo Congresso em 01/06/2021 (Lei 14.172/2021);2021-03-19;Notícias de imprensa (veto e sessão do Congresso);Legislativo_veto_derrubado;expansao;implementada;3500000000;R$;2021;IMP2-014|IMP2-015|IMP2-016|IMP2-017;D;NOR-B08|FLA-V11;"1 veículo (Agência Senado, 4 matérias); fato também em A. Recursos liberados em 29/12/2021 pela MP 1.088/2021."
IMP2-B05;B;D2;"Novo Fundeb (EC 108/2020): governo apresentou contraproposta em jul/2020 (adiar aumento para 2022; 5 p.p. para transferência de renda)";2020-07-19;Notícias de imprensa (apuração);Executivo;indicador;nao_confirmado;;;;IMP2-018|IMP2-019;D;NOR-B16|FIN-A096;Só Poder360 (2 matérias). Proposta não aprovada.
IMP2-B06;B;D2;"Novo Fundeb: Câmara aprova PEC por 499x7 (21/07/2020); Senado 79x0 (25/08/2020) com apoio declarado do líder do governo; presidente chama de 'vitória do governo'";2020-08-25;Notícias de imprensa (votações);Legislativo_com_sancao;expansao;implementada;23;% complementação União até 2026;2026;IMP2-019|IMP2-020|IMP2-021;D;NOR-B16|FLA-V06|FLA-V07;"EC é promulgada pelo Congresso (sem sanção); 'origem' indica iniciativa do Legislativo. Posição do Executivo: negociou e apoiou a versão final."
IMP2-B07;B;D2;Proposta do governo de usar até 5% do novo Fundeb no Renda Cidadã (anunciada em 28/09/2020);2020-09-28;Notícias de imprensa;Executivo;indicador;nao_confirmado;5;% do Fundeb;2020;IMP2-022;D;;1 veículo. Proposta não formalizada/aprovada.
IMP2-B08;B;D2;Lei 14.113/2020 (regulamentação do Fundeb) sancionada sem vetos em 25/12/2020;2020-12-25;Notícias de imprensa (sanção);Legislativo_com_sancao;expansao;implementada;;;;IMP2-023|IMP2-024;D;NOR-B17|FIN-A097;2 veículos.
IMP2-B09;B;D2;MP 914/2019 (escolha de reitores) perde eficácia em 02/06/2020 sem comissão mista instalada;2020-06-02;Notícias de imprensa;Executivo;reforma;revertida;;;;IMP2-025|IMP2-026;D;NOR-B05|GES-X26;2 veículos.
IMP2-B10;B;D2;MP 979/2020 (reitores pro tempore sem consulta nem lista tríplice) devolvida pelo presidente do Congresso em jun/2020;2020-06-10;Notícias de imprensa;Executivo;reforma;revertida;;;;IMP2-026|IMP2-027;D;NOR-B06|GES-X27;2 veículos.
IMP2-B11;B;D2;"Future-se lançado pelo MEC em 17/07/2019 (contexto; PL não aprovado)";2019-07-17;Notícia de imprensa;Executivo;reforma;nao_executada;102600000000;R$ (intenção declarada);2019;IMP2-028;D;NOR-B29;Só contexto.
IMP2-B12;B;D2;"Educação domiciliar: Câmara aprova PL 3.179/2012 por 264x144 em 19/05/2022 com apoio de aliados do governo (contexto; não virou lei)";2022-05-19;Notícia de imprensa;Legislativo_com_sancao;reforma;nao_executada;;;;IMP2-029;D;NOR-B28;"Só contexto. Origem marcada como Legislativo; não houve sanção."
IMP2-A01;A;D2;"Revogação do Pecim por decreto publicado em 21/07/2023, com plano de transição em 30 dias; redes definem reintegração";2023-07-21;Notícias de imprensa;Executivo;reversao;implementada;;;;IMP2-007|IMP2-008|IMP2-009;D;NOR-B02;"2 veículos (AB; Poder360)."
IMP2-A02;A;D2;Após a revogação, ao menos 19 UFs declaram intenção de manter ou readequar o modelo cívico-militar com recursos próprios (jul/2023);2023-07-14;Notícia de imprensa (levantamento);Executivo;indicador;nao_confirmado;19;UFs;2023;IMP2-006;D;;"1 veículo; intenção declarada, não execução."
IMP2-A03;A;D2;Revogação do Decreto 10.502/2020 (PNEE) em 01/01/2023 (Decreto 11.370/2023);2023-01-01;Notícias de imprensa;Executivo;reversao;implementada;;;;IMP2-012|IMP2-013;D;NOR-B03;"2 veículos; Poder360 grafa 'Decreto 370'."
IMP2-A04;A;D2;"Reforma do ensino médio: Lei 14.945/2024 (PL 5.230/2023 do Executivo), sancionada em 31/07/2024; FGB 2.400 h; veto à inclusão dos itinerários no Enem";2024-07-31;Notícia de imprensa;Legislativo_com_sancao;reforma;implementada;2400;horas FGB;2024;IMP2-030;D;NOR2-A01;"1 veículo para o texto; tramitação corroborada por títulos do Poder360."
IMP2-A05;A;D2;Revisão da Lei de Cotas: Lei 14.723/2023 sancionada em 13/11/2023 (renda 1 SM per capita, quilombolas, ampla concorrência primeiro);2023-11-13;Notícia de imprensa;Legislativo_com_sancao;reforma;implementada;;;;IMP2-031;D;FLA-V24;"Iniciativa parlamentar; Executivo sancionou."
IMP2-A06;A;D2;Sisu 2026: 128.078 vagas pela Lei de Cotas e 20.906 por ações afirmativas próprias (dado MEC);2026-01-31;Notícia de imprensa;Executivo;indicador;nao_confirmado;128078;vagas;2026;IMP2-032;D;;"1 veículo; número do MEC."
IMP2-A07;A;D2;"Lei 15.100/2025 restringe celulares nas escolas (PL 4.932/2024, dep. Alceu Moreira); líder do governo apoiou";2025-01-13;Notícia de imprensa;Legislativo_com_sancao;reforma;implementada;;;;IMP2-033;D;FLA-V27;"Iniciativa parlamentar; Executivo sancionou."
IMP2-A08;A;D2;"Novo PNE: Lei 15.388/2026 (PL 2.614/2024 do Executivo), sem vetos; 19 objetivos e 73 metas; 7,5% do PIB no 7º ano e 10% ao final";2026-04-14;Notícias de imprensa;Legislativo_com_sancao;reforma;implementada;10;% do PIB (meta);2036;IMP2-034|IMP2-035;D;NOR2-A01|FLA-S04;"1 agência (2 matérias); data 14 ou 15/04/2026 a conferir."
IMP2-A09;A;D2;"Lei 15.367/2026 (PL 5.874/2025 do Executivo): retira a lista tríplice; indicação segue resultado da consulta; cria 3.800 cargos MS e 9.587 EBTT";2026-03-30;Notícias de imprensa;Legislativo_com_sancao;reforma;implementada;13387;cargos de professor;2026;IMP2-036|IMP2-037|IMP2-035;D;GES-X28|GES-X38;1 agência (3 matérias) + A. Simetria: MPs 914 e 979 no grupo B.
IMP2-A10;A;D2;Novas universidades federais em 2026: Unind (L15.418, 28-29/05), UFEsporte (L15.457, 03/07), UFFN (L15.520, 25/09), todas de PLs do Executivo;2026-05-29;Notícias de imprensa;Legislativo_com_sancao;expansao;parcial;3;universidades;2026;IMP2-038|IMP2-039|IMP2-040|IMP2-042;D;NOR2-A01;"Unind com 2 veículos; demais 1. 'parcial' segue PRO2 (implantação condicionada a dotação)."
IMP2-A11;A;D2;Veto total ao PL 3.455/2023 (Unifron, parlamentar) por vício de iniciativa (31/07/2026), seguido de PL próprio que virou a Lei 15.520;2026-07-31;Notícias de imprensa;Executivo;indicador;implementada;;;;IMP2-041|IMP2-042;D;NOR-A29;1 agência.
IMP2-A12;A;D2;"Portaria autoriza 19 novas unidades de IFs em 12 estados (26/09/2026); governo declara 92 unidades autorizadas e meta de 100";2026-09-26;Notícia de imprensa;Executivo;expansao;nao_confirmado;19;unidades (campi);2026;IMP2-043;D;;"1 veículo; contagens são do governo."
IMP2-B13;B;D3;"Tempo de Aprender (PNA): lançado em 18/02/2020 com orçamento anunciado de R$ 220 mi; adesão de 4.400 redes (nov/2020) e 22 mil escolas com plano (set/2021), segundo o MEC";2020-02-18;Notícias de imprensa;Executivo;expansao;implementada;220000000;R$ (anunciado);2020;IMP2-044|IMP2-045|IMP2-046;D;;"2 veículos para existência; números são declaração do MEC e não substituem A."
IMP2-B14;B;D3;"Educação Conectada: Lei 14.180/2021 sancionada com veto ao repasse direto às escolas (LRF); veto derrubado em 27/09/2021; R$ 223 mi e 74 mil escolas em 2020";2021-07-01;Notícias de imprensa;Legislativo_veto_derrubado;expansao;implementada;223000000;R$;2020;IMP2-047|IMP2-048;D;;"1 agência; números de 2020 sem atribuição explícita."
IMP2-B15;B;D3;"Pandemia: MEC anuncia adiamento do Enem 2020 (20/05/2020) um dia após o Senado aprovar o PL 1.277/2020; MEC antes se recusava a adiar; provas em jan-fev/2021 (5,78 mi confirmados)";2020-05-20;Notícias de imprensa;Executivo;manutencao;implementada;;;;IMP2-049|IMP2-050|IMP2-051;D;FLA-V02|GES-X16;"2 veículos (Agência Senado; Poder360)."
IMP2-B16;B;D3;Pandemia: MP 934/2020 flexibiliza os 200 dias letivos e permite atividades não presenciais;2020-04-01;Notícia de imprensa;Executivo;reforma;implementada;;;;IMP2-052;D;;"1 veículo; data da MP (01/04/2020) a conferir em A."
IMP2-B17;B;D3;Ofício do MEC (jun/2020) aponta risco ao Enem 2021 por limite discricionário de R$ 18,78 bi;2020-06-05;Notícia de imprensa;Executivo;indicador;nao_confirmado;18780000000;R$;2021;IMP2-053;D;;"1 veículo; o Enem 2021 foi aplicado."
IMP2-B18;B;D3;Erro de correção no Enem 2019 (gráfica) afetou cerca de 5-6 mil candidatos, segundo o ministro;2020-01-20;Notícia de imprensa;Executivo;indicador;nao_confirmado;6000;candidatos (declarado);2019;IMP2-054;D;;"1 veículo; número do ministro."
IMP2-B19;B;D3;"Fies: MP 1.090/2021 -> Lei 14.375/2022, renegociação com desconto de até 99% (Congresso ampliou de 92%); governo informa >1 mi de inadimplentes e R$ 6,6 bi em atraso";2022-06-21;Notícias de imprensa;Legislativo_com_sancao;manutencao;implementada;6600000000;R$ em atraso (declarado);2021;IMP2-055|IMP2-056;D;NOR-B10;"1 agência; números do governo."
IMP2-A13;A;D3;"Pé-de-Meia: Lei 14.818/2024 sancionada com vetos (16-17/01/2024); fundo de até R$ 20 bi";2024-01-16;Notícia de imprensa;Legislativo_com_sancao;expansao;implementada;20000000000;R$ (limite do fundo);2024;IMP2-057;D;NOR-A13|FLA-V25;Autoria a conferir.
IMP2-A14;A;D3;"Pé-de-Meia: beneficiários e valores divulgados (5,6 mi e R$ 18,6 bi em 2024-25; 6 mi em ago/2026; até R$ 9.200 por aluno)";2026-08-31;Notícias de imprensa;Executivo;indicador;implementada;6000000;estudantes (declarado);2026;IMP2-059|IMP2-058;D;GES3-A05|PRO-A06;"2 veículos com contagens próximas (CNN via GES3; Poder360); números do governo, não substituem A."
IMP2-A15;A;D3;"Pé-de-Meia: efeito declarado pelo MEC sobre abandono (2,5% na rede pública em 2025; -34% desde 2024; em abr/2026 o governo citou -43%)";2026-06-26;Notícias de imprensa;Executivo;indicador;nao_confirmado;2.5;% abandono rede pública;2025;IMP2-058;D;GES3-A05;"Percentuais divergem por recorte; nenhuma avaliação independente de impacto localizada."
IMP2-A16;A;D3;"Pé-de-Meia no TCU: (i) ordem de suspender pagamentos a CPFs de falecidos (2.113 registros) em mar/2026; (ii) financiamento fora do orçamento sem decisão definitiva em 25/08/2026";2026-03-20;Notícias de imprensa;Executivo;indicador;implementada;2113;registros;2026;IMP2-061|IMP2-060;D;GES-X21|GES-X22|GES-X23|GES3-A06;"(i) CNN + A (GES-X23); (ii) só Poder360 -> manter nao_confirmado para o status atual, como em GES3-A06."
IMP2-A17;A;D3;"Escola em Tempo Integral: Lei 14.640/2023 (meta de 1 mi de matrículas); governo atribui ao programa (R$ 4 bi) o alcance de 25,8% de matrículas em tempo integral na rede pública (Censo 2025)";2023-07-31;Notícias de imprensa;Legislativo_com_sancao;expansao;implementada;25.8;% alunos rede pública em tempo integral;2025;IMP2-063|IMP2-062|IMP2-064;D;NOR-A07|PRO-A04;Atribuição causal é declaração do governo. 25,8% em 1 veículo (dado do Censo).
IMP2-A18;A;D3;"Compromisso Nacional Criança Alfabetizada: lançado em 12/06/2023 (R$ 2 bi anunciados); 59,2% em 2024 (meta 60% não cumprida) e 66% em 2025 (meta 64%)";2026-03-23;Notícias de imprensa;Executivo;indicador;implementada;66;% crianças alfabetizadas;2025;IMP2-065|IMP2-066|IMP2-067;D;NOR-A02|PRO-A02;"2 veículos para 66% (CNN; Poder360); 59,2% em 1 veículo."
IMP2-A19;A;D3;"Retomada de obras: Lei 14.719/2023 (MP 1.174 / PL 4.172/2023); 3.540-3.600 obras, R$ 4 bi e 450 mil vagas previstos; ex-ministro declara ~2,5 mil obras retomadas (abr/2026)";2023-11-03;Notícias de imprensa;Legislativo_com_sancao;expansao;parcial;4000000000;R$ (previsto);2023;IMP2-068|IMP2-069|IMP2-070|IMP2-064;D;NOR-A06|PRO-A13|NOR2-A11;"2 veículos para os números iniciais (governo); retomadas declaradas só no discurso do ex-ministro."
