id_acao;_arq;grupo;titulo;data;instrumento;valor_nominal;unidade_valor;ano_valor;fontes_primarias;url_fonte
FIN-A023;FIN.csv;A;Função 12 Educação (União) - dotação inicial (LOA) 2026;2026-01-01;LOA / RREO Anexo 02;198426070980.10;R$ correntes;2026;FIN-003;https://apidatalake.tesouro.gov.br/ords/siconfi/tt/rreo?an_exercicio=<ANO>&nr_periodo=<6|4>&co_tipo_demonstrativo=RREO&no_anexo=RREO-Anexo%2002&id_ente=1&offset=<n>&limit=<n>
FIN-A103;FIN.csv;A;CAPES - dotação final total 2024;2024-12-31;LOA + créditos (CAPES UO 26291);5007674707.00;R$ correntes;2024;FIN-042;https://www.gov.br/capes/pt-br/acesso-a-informacao/institucional/orcamento-evolucao-em-reais
FIN-A022;FIN.csv;A;Função 12 Educação (União) - dotação atualizada 2025;2025-12-31;RREO Anexo 02;176863056049.63;R$ correntes;2025;FIN-003;https://apidatalake.tesouro.gov.br/ords/siconfi/tt/rreo?an_exercicio=<ANO>&nr_periodo=<6|4>&co_tipo_demonstrativo=RREO&no_anexo=RREO-Anexo%2002&id_ente=1&offset=<n>&limit=<n>
FIN-A074;FIN.csv;A;Despesas discricionárias da função Educação - pagamentos (RTN) 2025;2025-12-31;Execução orçamentária (RTN/STN);32694.7;R$ milhões correntes;2025;FIN-010;https://cdn.tesouro.gov.br/sistemas-internos/apex/producao/sistemas/thot/arquivos/publicacoes/53718_1740106/boletim_dez25.pdf (página: https://www.tesourotransparente.gov.br/publicacoes/boletim-resultado-do-tesouro-nacional-rtn/2025/12)
FIN-A052;FIN.csv;A;Subfunção 364 Ensino Superior (União) - despesa paga 2025;2025-12-31;DCA Anexo I-E;40549112833.05;R$ correntes;2025;FIN-002;https://apidatalake.tesouro.gov.br/ords/siconfi/tt/dca?an_exercicio=<ANO>&no_anexo=DCA-Anexo%20I-E&id_ente=1&offset=<0|250|400|500|680>&limit=<80..250>
FIN-A058;FIN.csv;A;Subfunção 28.847 Transferências para a Educação Básica - empenhado 2023;2023-12-31;DCA Anexo I-E;86720237873.81;R$ correntes;2023;FIN-002;https://apidatalake.tesouro.gov.br/ords/siconfi/tt/dca?an_exercicio=<ANO>&no_anexo=DCA-Anexo%20I-E&id_ente=1&offset=<0|250|400|500|680>&limit=<80..250>
FIN-A104;FIN.csv;A;CAPES - dotação final total 2025;2025-12-31;LOA + créditos (CAPES UO 26291);5730251549.00;R$ correntes;2025;FIN-042;https://www.gov.br/capes/pt-br/acesso-a-informacao/institucional/orcamento-evolucao-em-reais
FIN-A084;FIN.csv;B;Redução adicional do limite de empenho do MEC em set/2022 (Decreto 11.216);2022-09-30;Decreto 11.216/2022;135937648;R$ correntes;2022;FIN-021;https://www.planalto.gov.br/ccivil_03/_ato2019-2022/2022/decreto/D11216.htm
FIN-A016;FIN.csv;B;Função 12 Educação (União) - dotação atualizada 2022;2022-12-31;RREO Anexo 02;118572480720.63;R$ correntes;2022;FIN-003;https://apidatalake.tesouro.gov.br/ords/siconfi/tt/rreo?an_exercicio=<ANO>&nr_periodo=<6|4>&co_tipo_demonstrativo=RREO&no_anexo=RREO-Anexo%2002&id_ente=1&offset=<n>&limit=<n>
FIN-A123;FIN.csv;B;PNLD 2021 (ano letivo) - investimento total;2021-01-01;Execução FNDE;1264652990.44;R$ correntes;2021;FIN-045;https://www.gov.br/fnde/pt-br/acesso-a-informacao/acoes-e-programas/programas/programas-do-livro/pnld/dados-estatisticos
FIN-A040;FIN.csv;B;Subfunção 364 Ensino Superior (União) - despesa paga 2019;2019-12-31;DCA Anexo I-E;29895926471.41;R$ correntes;2019;FIN-002;https://apidatalake.tesouro.gov.br/ords/siconfi/tt/dca?an_exercicio=<ANO>&no_anexo=DCA-Anexo%20I-E&id_ente=1&offset=<0|250|400|500|680>&limit=<80..250>
FIN-A030;FIN.csv;B;Função 12 Educação (União) - despesa paga no exercício 2021;2021-12-31;DCA Anexo I-E;85893515556.91;R$ correntes;2021;FIN-002;https://apidatalake.tesouro.gov.br/ords/siconfi/tt/dca?an_exercicio=<ANO>&no_anexo=DCA-Anexo%20I-E&id_ente=1&offset=<0|250|400|500|680>&limit=<80..250>
FIN-A056;FIN.csv;B;Subfunção 28.847 Transferências para a Educação Básica - empenhado 2021;2021-12-31;DCA Anexo I-E;67738214305.93;R$ correntes;2021;FIN-002;https://apidatalake.tesouro.gov.br/ords/siconfi/tt/dca?an_exercicio=<ANO>&no_anexo=DCA-Anexo%20I-E&id_ente=1&offset=<0|250|400|500|680>&limit=<80..250>
FIN-A071;FIN.csv;B;Despesas discricionárias da função Educação - pagamentos (RTN) 2022;2022-12-31;Execução orçamentária (RTN/STN);20192.5;R$ milhões correntes;2022;FIN-007;https://cdn.tesouro.gov.br/sistemas-internos/apex/producao/sistemas/thot/arquivos/publicacoes/46073_1449893/boletim_dez22.pdf (página: https://www.tesourotransparente.gov.br/publicacoes/boletim-resultado-do-tesouro-nacional-rtn/2022/12)
FIN-A092;FIN.csv;B;"MP 1.136/2022: limita aplicação do FNDCT (R$ 5,555 bi em 2022; 58%-88% da receita 2023-2026)";2022-08-29;Medida Provisória 1.136/2022;5555000000;R$ correntes;2022;FIN-030;https://www.planalto.gov.br/ccivil_03/_ato2019-2022/2022/mpv/mpv1136.htm
FLA-P05;FLA.csv;Flavio;Emendas nº 2 (autor), 9 e 10 (coautor) ao PL 5.384/2020;2023-10-24;Emenda de Plenário;;;;FLA-029;https://www25.senado.leg.br/web/atividade/materias/-/materia/159365
FLA-V16;FLA.csv;Flavio;PEC 13/2021 – 2º turno;2021-09-21;Votação nominal (Senado);;;;FLA-008|FLA-010;https://www25.senado.leg.br/web/atividade/materias/-/materia/148543 || https://legis.senado.leg.br/diarios/BuscaPaginasDiario?codDiario=107990&paginaInicial=14&paginaFinal=30
FLA-A01;FLA.csv;Flavio;Mandatos: deputado estadual ALERJ (legislaturas a partir de 2003 até 2018/19) e senador RJ (01/02/2019–31/01/2027);2019-02-01;Registro de mandato;;;;FLA-002|FLA-004;https://legis.senado.leg.br/dadosabertos/senador/5894/mandatos || https://www.alerj.rj.gov.br/Deputados/PerfilDeputado/275?Legislatura=18
FLA-P09;FLA.csv;Flavio;R.S 13/2024 e 14/2024: recursos contra decisão terminativa da CE sobre o PL 49/2015;2024-11-12;Recurso;;;;FLA-039;https://legis.senado.leg.br/dadosabertos/processo?codigoParlamentarAutor=5894&termo=educa%C3%A7%C3%A3o
FLA-V27;FLA.csv;Flavio;PL 4.932/2024 (celulares nas escolas) – Emenda 1 destacada;2024-12-18;Votação nominal (Senado);;;;FLA-038;https://legis.senado.leg.br/dadosabertos/votacao?codigoParlamentar=5894&dataInicio=2019-02-01&dataFim=2026-09-30
FLA-V12;FLA.csv;Flavio;PL 2.201/2021 (prioridade de matrícula de crianças com deficiência);2021-08-17;Votação nominal (Senado);;;;FLA-024;https://legis.senado.leg.br/diarios/BuscaPaginasDiario?codDiario=107610&paginaInicial=21&paginaFinal=40
GES-X24;GES.csv;A;"TCU - auditoria dos programas 5112 (EPT) e 5113 (Educação Superior) em 2025: emendas = 62% dos investimentos; propostas orçamentárias limitadas a tetos; indicadores de PPA focados em produtos";2026-05-06;Acórdão TCU 1126/2026-Plenário;714600000;R$ (investimentos via emendas em 2025);2025;GES-019;https://pesquisa.apps.tcu.gov.br/rest/publico/base/acordao-completo/documento?termo=KEY%3AACORDAO-COMPLETO-2763994&ordenacao=DTRELEVANCIA%20desc&quantidade=1&inicio=0
GES-X29;GES.csv;A;"MP 1.334/2026 convertida na Lei 15.437/2026: novo critério de atualização anual do piso do magistério (INPC + 50% da média quinquenal da variação real da receita do Fundeb; piso mínimo = INPC)";2026-01-21;"MP 1.334/2026; Lei 15.437/2026";;;;GES-029|GES-002;https://www.planalto.gov.br/ccivil_03/_ato2023-2026/2026/mpv/mpv1334.htm || https://www.planalto.gov.br/ccivil_03/_ato2023-2026/2026/lei/l15437.htm
GES-X26;GES.csv;B;MP 914/2019: consulta obrigatória à comunidade para lista tríplice e escolha do reitor pelo Presidente entre os três mais votados;2019-12-24;Medida Provisória 914/2019;;;;GES-025;https://www.planalto.gov.br/ccivil_03/_ato2019-2022/2019/mpv/mpv914.htm
NOR-A03;NOR.csv;A;Revogação do Pecim (Decreto 11.611/2023);2023-07-19;Decreto 11.611/2023;;;;NOR-004;https://www.planalto.gov.br/ccivil_03/_ato2023-2026/2023/decreto/D11611.htm
NOR-A17;NOR.csv;A;Prorrogação do PNE 2014-2024 até 31/12/2025 (Lei 14.934/2024);2024-07-25;Lei 14.934/2024;;;;NOR-028;https://www.planalto.gov.br/ccivil_03/_ato2023-2026/2024/lei/L14934.htm | https://www.planalto.gov.br/ccivil_03/_ato2011-2014/2014/lei/l13005.htm
NOR-A21;NOR.csv;A;Nova regulação da EaD na graduação - vedação de EaD em Direito, Medicina, Enfermagem, Odontologia, Psicologia, demais cursos de saúde e licenciaturas (Decreto 12.456/2025);2025-05-19;Decreto 12.456/2025;;;;NOR-033;https://www.planalto.gov.br/ccivil_03/_ato2023-2026/2025/decreto/D12456.htm
NOR-A04;NOR.csv;A;Política Nacional de Educação Digital (Lei 14.533/2023);2023-01-11;Lei 14.533/2023 (PL 4.513/2020);;;;NOR-022|NOR-014;https://www.planalto.gov.br/ccivil_03/_ato2023-2026/2023/lei/L14533.htm || https://legis.senado.leg.br/dadosabertos/materia/pesquisa/lista?sigla=VET&ano=2023 | https://legis.senado.leg.br/dadosabertos/materia/pesquisa/lista?sigla=VET&ano=2024 | https://legis.senado.leg.br/dadosabertos/materia/pesquisa/lista?sigla=VET&ano=2025 | https://legis.senado.leg.br/dadosabertos/materia/pesquisa/lista?sigla=VET&ano=2026 | https://legis.senado.leg.br/dadosabertos/materia/VET/3/2023 | https://legis.senado.leg.br/dadosabertos/materia/VET/19/2023 | https://legis.senado.leg.br/dadosabertos/materia/VET/21/2023 | https://legis.senado.leg.br/dadosabertos/materia/VET/29/2023 | https://legis.senado.leg.br/dadosabertos/materia/VET/37/2023 | https://legis.senado.leg.br/dadosabertos/materia/VET/3/2024 | https://legis.senado.leg.br/dadosabertos/materia/VET/6/2024 | https://legis.senado.leg.br/dadosabertos/materia/VET/13/2024 | https://legis.senado.leg.br/dadosabertos/materia/VET/17/2024 | https://legis.senado.leg.br/dadosabertos/materia/VET/18/2024 | https://legis.senado.leg.br/dadosabertos/materia/VET/22/2024 | https://legis.senado.leg.br/dadosabertos/materia/VET/37/2025 | https://legis.senado.leg.br/dadosabertos/materia/VET/43/2025 | https://legis.senado.leg.br/dadosabertos/materia/VET/41/2026 | https://legis.senado.leg.br/dadosabertos/materia/VET/42/2026 | https://legis.senado.leg.br/dadosabertos/materia/VET/53/2026
NOR-B01;NOR.csv;B;Política Nacional de Alfabetização (Decreto 9.765/2019);2019-04-11;Decreto 9.765/2019;;;;NOR-001;https://www.planalto.gov.br/ccivil_03/_ato2019-2022/2019/decreto/D9765.htm
NOR-B25;NOR.csv;B;Alteração da regulamentação do Fundeb (Lei 14.276/2021);2021-12-27;Lei 14.276/2021 (PL 3.418/2021);;;;NOR-013;https://legis.senado.leg.br/dadosabertos/materia/pesquisa/lista?sigla=VET&ano=2019 | https://legis.senado.leg.br/dadosabertos/materia/pesquisa/lista?sigla=VET&ano=2020 | https://legis.senado.leg.br/dadosabertos/materia/pesquisa/lista?sigla=VET&ano=2021 | https://legis.senado.leg.br/dadosabertos/materia/pesquisa/lista?sigla=VET&ano=2022 | https://legis.senado.leg.br/dadosabertos/materia/VET/37/2019 | https://legis.senado.leg.br/dadosabertos/materia/VET/54/2019 | https://legis.senado.leg.br/dadosabertos/materia/VET/28/2020 | https://legis.senado.leg.br/dadosabertos/materia/VET/39/2020 | https://legis.senado.leg.br/dadosabertos/materia/VET/2/2021 | https://legis.senado.leg.br/dadosabertos/materia/VET/10/2021 | https://legis.senado.leg.br/dadosabertos/materia/VET/34/2021 | https://legis.senado.leg.br/dadosabertos/materia/VET/59/2021 | https://legis.senado.leg.br/dadosabertos/materia/VET/69/2021 | https://legis.senado.leg.br/dadosabertos/materia/VET/13/2022 | https://legis.senado.leg.br/dadosabertos/materia/VET/33/2022 | https://legis.senado.leg.br/dadosabertos/materia/VET/34/2022
NOR-B07;NOR.csv;B;Normas educacionais excepcionais na pandemia (MP 934/2020 convertida na Lei 14.040/2020);2020-08-18;MP 934/2020 -> Lei 14.040/2020;;;;NOR-016|NOR-011;https://www.planalto.gov.br/ccivil_03/_ato2019-2022/2020/lei/L14040.htm || https://legis.senado.leg.br/dadosabertos/materia/pesquisa/lista?sigla=MPV&ano=2019 | https://legis.senado.leg.br/dadosabertos/materia/pesquisa/lista?sigla=MPV&ano=2020 | https://legis.senado.leg.br/dadosabertos/materia/pesquisa/lista?sigla=MPV&ano=2021 | https://legis.senado.leg.br/dadosabertos/materia/pesquisa/lista?sigla=MPV&ano=2022 | https://legis.senado.leg.br/dadosabertos/materia/MPV/934/2020 | https://legis.senado.leg.br/dadosabertos/materia/MPV/1060/2021 | https://legis.senado.leg.br/dadosabertos/materia/MPV/1075/2021 | https://legis.senado.leg.br/dadosabertos/materia/MPV/1090/2021 | https://legis.senado.leg.br/dadosabertos/materia/MPV/1136/2022 | https://legis.senado.leg.br/dadosabertos/materia/MPV/1140/2022
PRO-A04;PRO.csv;A;Programa Escola em Tempo Integral;2023-07-31;Lei 14.640/2023 (PL 2.617/2023 do Executivo);;;;PRO-020|PRO-035;https://www.planalto.gov.br/ccivil_03/_ato2023-2026/2023/lei/L14640.htm || https://dadosabertos.camara.leg.br/api/v2/proposicoes/2362716/autores
PRO-A05;PRO.csv;A;Pé-de-Meia – instituição do incentivo financeiro-educacional (poupança) no ensino médio;2024-01-16;"Lei 14.818/2024 (PL 54/2021, Câmara); MP 1.198/2023 (perdeu eficácia)";20000000000;BRL;2024;PRO-022|PRO-036;https://www.planalto.gov.br/ccivil_03/_ato2023-2026/2024/lei/L14818.htm || https://dadosabertos.camara.leg.br/api/v2/proposicoes/2268691/autores
PRO-B11;PRO.csv;B;Repasse aos Estados/DF dos recursos da Lei 14.172/2021;2022-03-10;Lei 14.172/2021 (cumprimento);3501597083.20;BRL;2022;PRO-012;https://pesquisa.apps.tcu.gov.br/rest/publico/base/acordao-completo/documento?termo=KEY:%22ACORDAO-COMPLETO-2651691%22&quantidade=1&inicio=0
PRO-B03;PRO.csv;B;Programa Tempo de Aprender (âmbito da PNA);2020;Portaria MEC 280/2020 (não lida);;;;PRO-007;https://pesquisa.apps.tcu.gov.br/rest/publico/base/acordao-completo/documento?termo=KEY:%22ACORDAO-COMPLETO-2626982%22&quantidade=1&inicio=0
RES-I013;RES.csv;A;Ideb Brasil rede pública - EF anos iniciais - 2023;;Ideb/Inep;5,7;indice 0-10;2023;RES-001;https://www.gov.br/inep/pt-br/centrais-de-conteudo/noticias/ideb/ideb-avanca-em-todas-as-etapas-da-educacao-basica
RES-I019;RES.csv;A;Ideb Brasil rede pública - EF anos iniciais - 2025;2026-08-05;Ideb/Inep;6,1;indice 0-10;2025;RES-001;https://www.gov.br/inep/pt-br/centrais-de-conteudo/noticias/ideb/ideb-avanca-em-todas-as-etapas-da-educacao-basica
RES-L008;RES.csv;A;Taxa de analfabetismo 15+ - 2025;;PNAD Contínua/IBGE (SIDRA 7113);4,9;%;2025;RES-015;https://apisidra.ibge.gov.br/values/t/7113/n1/all/v/10267/p/all/c2/6794/c58/2795
RES-C003;RES.csv;A;Indicador Criança Alfabetizada (ICA) Brasil - 2025;2026-03-23;ICA/Inep;66;% alunos 2º ano EF alfabetizados (rede pública);2025;RES-008;https://www.gov.br/inep/pt-br/centrais-de-conteudo/noticias/avaliacao-da-alfabetizacao/inep-lanca-publicacao-que-detalha-a-construcao-do-indicador-crianca-alfabetizada-ica-e-os-desafios-da-educacao-basica-no-pais
RES-C001;RES.csv;A;Indicador Criança Alfabetizada (ICA) Brasil - 2023;2024-05;ICA/Inep;56;% alunos 2º ano EF alfabetizados (rede pública);2023;RES-008;https://www.gov.br/inep/pt-br/centrais-de-conteudo/noticias/avaliacao-da-alfabetizacao/inep-lanca-publicacao-que-detalha-a-construcao-do-indicador-crianca-alfabetizada-ica-e-os-desafios-da-educacao-basica-no-pais
RES-L003;RES.csv;B;Taxa de analfabetismo 15+ - 2019;;PNAD Contínua/IBGE (SIDRA 7113);6,1;%;2019;RES-015;https://apisidra.ibge.gov.br/values/t/7113/n1/all/v/10267/p/all/c2/6794/c58/2795
RES-L002;RES.csv;linha_base;Taxa de analfabetismo 15+ - 2018;;PNAD Contínua/IBGE (SIDRA 7113);6,3;%;2018;RES-015;https://apisidra.ibge.gov.br/values/t/7113/n1/all/v/10267/p/all/c2/6794/c58/2795
