serie;ano;grupo;id_acao;nominal_R$bi;fator_IPCA_dez2025;real_R$bi_dez2025
Função 12 Educação – empenhado;2019;B;FIN-A025;101.30;1.3915;140.96
Função 12 Educação – empenhado;2020;B;FIN-A027;95.01;1.3314;126.49
Função 12 Educação – empenhado;2021;B;FIN-A029;101.89;1.2097;123.25
Função 12 Educação – empenhado;2022;B;FIN-A031;117.75;1.1435;134.65
Função 12 Educação – empenhado;2023;A;FIN-A033;140.07;1.0930;153.10
Função 12 Educação – empenhado;2024;A;FIN-A035;151.67;1.0426;158.14
Função 12 Educação – empenhado;2025;A;FIN-A037;176.01;1.0000;176.01
Função 12 Educação – pago no exercício;2019;B;FIN-A026;84.26;1.3915;117.24
Função 12 Educação – pago no exercício;2020;B;FIN-A028;78.27;1.3314;104.21
Função 12 Educação – pago no exercício;2021;B;FIN-A030;85.89;1.2097;103.90
Função 12 Educação – pago no exercício;2022;B;FIN-A032;99.71;1.1435;114.03
Função 12 Educação – pago no exercício;2023;A;FIN-A034;118.79;1.0930;129.84
Função 12 Educação – pago no exercício;2024;A;FIN-A036;125.58;1.0426;130.94
Função 12 Educação – pago no exercício;2025;A;FIN-A038;148.51;1.0000;148.51
Complementação da União ao Fundeb – pago (caixa);2019;B;FIN-A061;15.60;1.3915;21.71
Complementação da União ao Fundeb – pago (caixa);2020;B;FIN-A062;15.00;1.3314;19.98
Complementação da União ao Fundeb – pago (caixa);2021;B;FIN-A063;22.03;1.2097;26.65
Complementação da União ao Fundeb – pago (caixa);2022;B;FIN-A064;32.88;1.1435;37.60
Complementação da União ao Fundeb – pago (caixa);2023;A;FIN-A065;37.49;1.0930;40.97
Complementação da União ao Fundeb – pago (caixa);2024;A;FIN-A066;47.54;1.0426;49.57
Complementação da União ao Fundeb – pago (caixa);2025;A;FIN-A067;59.73;1.0000;59.73
Discricionárias da função Educação – pago (caixa);2020;B;FIN-A069;19.32;1.3314;25.73
Discricionárias da função Educação – pago (caixa);2021;B;FIN-A070;19.61;1.2097;23.73
Discricionárias da função Educação – pago (caixa);2022;B;FIN-A071;20.19;1.1435;23.09
Discricionárias da função Educação – pago (caixa);2023;A;FIN-A072;34.96;1.0930;38.22
Discricionárias da função Educação – pago (caixa);2024;A;FIN-A073;28.58;1.0426;29.80
Discricionárias da função Educação – pago (caixa);2025;A;FIN-A074;32.69;1.0000;32.69
Ensino Superior (subf. 364) – pago;2019;B;FIN-A040;29.90;1.3915;41.60
Ensino Superior (subf. 364) – pago;2020;B;FIN-A042;28.72;1.3314;38.24
Ensino Superior (subf. 364) – pago;2021;B;FIN-A044;28.41;1.2097;34.37
Ensino Superior (subf. 364) – pago;2022;B;FIN-A046;30.02;1.1435;34.33
Ensino Superior (subf. 364) – pago;2023;A;FIN-A048;33.41;1.0930;36.52
Ensino Superior (subf. 364) – pago;2024;A;FIN-A050;34.71;1.0426;36.19
Ensino Superior (subf. 364) – pago;2025;A;FIN-A052;40.55;1.0000;40.55
Ensino Profissional (subf. 363) – pago;2019;B;FIN-A041;10.72;1.3915;14.92
Ensino Profissional (subf. 363) – pago;2020;B;FIN-A043;10.63;1.3314;14.15
Ensino Profissional (subf. 363) – pago;2021;B;FIN-A045;10.83;1.2097;13.10
Ensino Profissional (subf. 363) – pago;2022;B;FIN-A047;11.67;1.1435;13.34
Ensino Profissional (subf. 363) – pago;2023;A;FIN-A049;12.78;1.0930;13.97
Ensino Profissional (subf. 363) – pago;2024;A;FIN-A051;13.49;1.0426;14.07
Ensino Profissional (subf. 363) – pago;2025;A;FIN-A053;16.36;1.0000;16.36
CAPES – dotação final;2019;B;FIN-A098;4.19;1.3915;5.83
CAPES – dotação final;2020;B;FIN-A099;3.55;1.3314;4.72
CAPES – dotação final;2021;B;FIN-A100;3.38;1.2097;4.09
CAPES – dotação final;2022;B;FIN-A101;3.57;1.1435;4.08
CAPES – dotação final;2023;A;FIN-A102;5.41;1.0930;5.91
CAPES – dotação final;2024;A;FIN-A103;5.01;1.0426;5.22
CAPES – dotação final;2025;A;FIN-A104;5.73;1.0000;5.73
Universidades federais (20RK+4002+8282) – empenhado;2019;B;FIN3-A065;6.181;1.3915;8.602
Universidades federais (20RK+4002+8282) – empenhado;2020;B;FIN3-A066;5.890;1.3314;7.842
Universidades federais (20RK+4002+8282) – empenhado;2021;B;FIN3-A067;4.951;1.2097;5.989
Universidades federais (20RK+4002+8282) – empenhado;2022;B;FIN3-A068;5.628;1.1435;6.436
Universidades federais (20RK+4002+8282) – empenhado;2023;A;FIN3-A069;6.958;1.0930;7.605
Universidades federais (20RK+4002+8282) – empenhado;2024;A;FIN3-A070;7.019;1.0426;7.318
Universidades federais (20RK+4002+8282) – empenhado;2025;A;FIN3-A071;7.385;1.0000;7.385
Rede Federal EPCT (20RL+2994+20RG) – empenhado;2019;B;FIN3-A073;2.645;1.3915;3.680
Rede Federal EPCT (20RL+2994+20RG) – empenhado;2020;B;FIN3-A074;2.563;1.3314;3.412
Rede Federal EPCT (20RL+2994+20RG) – empenhado;2021;B;FIN3-A075;2.101;1.2097;2.542
Rede Federal EPCT (20RL+2994+20RG) – empenhado;2022;B;FIN3-A076;2.482;1.1435;2.838
Rede Federal EPCT (20RL+2994+20RG) – empenhado;2023;A;FIN3-A077;3.057;1.0930;3.341
Rede Federal EPCT (20RL+2994+20RG) – empenhado;2024;A;FIN3-A078;3.113;1.0426;3.246
Rede Federal EPCT (20RL+2994+20RG) – empenhado;2025;A;FIN3-A079;3.368;1.0000;3.368
FNDCT (UO 24901) – pago;2019;B;FIN3-A081;0.656;1.3915;0.912
FNDCT (UO 24901) – pago;2020;B;FIN3-A082;0.747;1.3314;0.994
FNDCT (UO 24901) – pago;2021;B;FIN3-A083;0.503;1.2097;0.609
FNDCT (UO 24901) – pago;2022;B;FIN3-A084;2.198;1.1435;2.514
FNDCT (UO 24901) – pago;2023;A;FIN3-A085;4.067;1.0930;4.445
FNDCT (UO 24901) – pago;2024;A;FIN3-A086;4.644;1.0426;4.842
FNDCT (UO 24901) – pago;2025;A;FIN3-A087;5.470;1.0000;5.470
Bolsas CAPES (ação 0487) – empenhado;2019;B;FIN3-A049;2.657;1.3915;3.697
Bolsas CAPES (ação 0487) – empenhado;2020;B;FIN3-A050;2.437;1.3314;3.245
Bolsas CAPES (ação 0487) – empenhado;2021;B;FIN3-A051;2.102;1.2097;2.543
Bolsas CAPES (ação 0487) – empenhado;2022;B;FIN3-A052;2.408;1.1435;2.753
Bolsas CAPES (ação 0487) – empenhado;2023;A;FIN3-A053;3.333;1.0930;3.643
Bolsas CAPES (ação 0487) – empenhado;2024;A;FIN3-A054;3.357;1.0426;3.500
Bolsas CAPES (ação 0487) – empenhado;2025;A;FIN3-A055;3.581;1.0000;3.581
Bolsas CNPq (ação 00LV) – empenhado;2019;B;FIN3-A057;1.130;1.3915;1.573
Bolsas CNPq (ação 00LV) – empenhado;2020;B;FIN3-A058;1.011;1.3314;1.346
Bolsas CNPq (ação 00LV) – empenhado;2021;B;FIN3-A059;0.886;1.2097;1.071
Bolsas CNPq (ação 00LV) – empenhado;2022;B;FIN3-A060;0.903;1.1435;1.032
Bolsas CNPq (ação 00LV) – empenhado;2023;A;FIN3-A061;1.270;1.0930;1.388
Bolsas CNPq (ação 00LV) – empenhado;2024;A;FIN3-A062;1.253;1.0426;1.306
Bolsas CNPq (ação 00LV) – empenhado;2025;A;FIN3-A063;1.195;1.0000;1.195
20RK funcionamento universidades – empenhado;2019;B;FIN3-A001;4.342;1.3915;6.042
20RK funcionamento universidades – empenhado;2020;B;FIN3-A002;4.126;1.3314;5.493
20RK funcionamento universidades – empenhado;2021;B;FIN3-A003;3.486;1.2097;4.217
20RK funcionamento universidades – empenhado;2022;B;FIN3-A004;3.804;1.1435;4.350
20RK funcionamento universidades – empenhado;2023;A;FIN3-A005;5.108;1.0930;5.584
20RK funcionamento universidades – empenhado;2024;A;FIN3-A006;4.927;1.0426;5.137
20RK funcionamento universidades – empenhado;2025;A;FIN3-A007;5.539;1.0000;5.539
4002 assistência estudantil universidades – empenhado;2019;B;FIN3-A009;1.053;1.3915;1.465
4002 assistência estudantil universidades – empenhado;2020;B;FIN3-A010;1.011;1.3314;1.346
4002 assistência estudantil universidades – empenhado;2021;B;FIN3-A011;0.842;1.2097;1.018
4002 assistência estudantil universidades – empenhado;2022;B;FIN3-A012;0.984;1.1435;1.125
4002 assistência estudantil universidades – empenhado;2023;A;FIN3-A013;1.084;1.0930;1.185
4002 assistência estudantil universidades – empenhado;2024;A;FIN3-A014;1.247;1.0426;1.301
4002 assistência estudantil universidades – empenhado;2025;A;FIN3-A015;1.322;1.0000;1.322
