NOR2-001	https://dadosabertos.camara.leg.br/api/v2/proposicoes?siglaTipo=PL&codTema=46&autor=Poder%20Executivo&ano=2019,2020,2021,2022,2023,2024,2025,2026&itens=100	json
NOR2-002	https://dadosabertos.camara.leg.br/api/v2/proposicoes?siglaTipo=PLP&codTema=46&autor=Poder%20Executivo&ano=2019,2020,2021,2022,2023,2024,2025,2026&itens=100	json
NOR2-002	https://dadosabertos.camara.leg.br/api/v2/proposicoes?siglaTipo=PL,PLP&codTema=62&autor=Poder%20Executivo&ano=2019,2020,2021,2022,2023,2024,2025,2026&itens=100	json
NOR2-001	https://dadosabertos.camara.leg.br/api/v2/proposicoes?siglaTipo=PL&autor=Poder%20Executivo&ano=2019,2020,2021,2022&itens=100&pagina=1	json
NOR2-001	https://dadosabertos.camara.leg.br/api/v2/proposicoes?siglaTipo=PL&autor=Poder%20Executivo&ano=2019,2020,2021,2022&itens=100&pagina=2	json
NOR2-001	https://dadosabertos.camara.leg.br/api/v2/proposicoes?siglaTipo=PL&autor=Poder%20Executivo&ano=2023,2024,2025,2026&itens=100&pagina=1	json
NOR2-003	https://dadosabertos.camara.leg.br/api/v2/proposicoes/2190325/tramitacoes	json
NOR2-003	https://www.camara.leg.br/proposicoesWeb/prop_mostrarintegra?codteor=1703735	pdf
NOR2-004	https://dadosabertos.camara.leg.br/api/v2/proposicoes/2264626/tramitacoes	json
NOR2-004	https://www.planalto.gov.br/ccivil_03/_ato2019-2022/2022/lei/L14296.htm	html
NOR2-005	https://dadosabertos.camara.leg.br/api/v2/proposicoes/2264628	json
NOR2-005	https://dadosabertos.camara.leg.br/api/v2/proposicoes/2314408	json
NOR2-005	https://dadosabertos.camara.leg.br/api/v2/proposicoes/2345482	json
NOR2-005	https://dadosabertos.camara.leg.br/api/v2/proposicoes/2230646	json
NOR2-005	https://dadosabertos.camara.leg.br/api/v2/proposicoes/2230650	json
NOR2-006	https://dadosabertos.camara.leg.br/api/v2/proposicoes/2408364	json
NOR2-007	https://dadosabertos.camara.leg.br/api/v2/proposicoes/2362716/tramitacoes	json
NOR2-008	https://dadosabertos.camara.leg.br/api/v2/proposicoes/2374350/tramitacoes	json
NOR2-008	https://www.planalto.gov.br/ccivil_03/_ato2023-2026/2025/lei/L15159.htm	html
NOR2-009	https://dadosabertos.camara.leg.br/api/v2/proposicoes/2383286/tramitacoes	json
NOR2-010	https://dadosabertos.camara.leg.br/api/v2/proposicoes/2423455	json
NOR2-011	https://dadosabertos.camara.leg.br/api/v2/proposicoes/2586418	json
NOR2-011	https://dadosabertos.camara.leg.br/api/v2/proposicoes/2599885	json
NOR2-012	https://dadosabertos.camara.leg.br/api/v2/proposicoes/2591970/tramitacoes	json
NOR2-012	https://www.planalto.gov.br/ccivil_03/_ato2023-2026/2026/lei/L15418.htm	html
NOR2-013	https://dadosabertos.camara.leg.br/api/v2/proposicoes/2591974/tramitacoes	json
NOR2-013	https://www.planalto.gov.br/ccivil_03/_ato2023-2026/2026/lei/L15457.htm	html
NOR2-014	https://dadosabertos.camara.leg.br/api/v2/proposicoes/2642328	json
NOR2-014	https://www.planalto.gov.br/ccivil_03/_ato2023-2026/2026/lei/L15520.htm	html
NOR2-015	https://dadosabertos.camara.leg.br/api/v2/proposicoes/2642329	json
NOR2-016	https://dadosabertos.camara.leg.br/api/v2/proposicoes/2595808	json
NOR2-017	https://www.planalto.gov.br/ccivil_03/_ato2023-2026/2026/lei/L15367.htm	html
NOR2-017	https://www.planalto.gov.br/ccivil_03/leis/l5540.htm	html
NOR2-017	https://www.planalto.gov.br/ccivil_03/leis/l9192.htm	html
NOR2-018	https://dadosabertos.camara.leg.br/api/v2/proposicoes/2585316/tramitacoes	json
NOR2-018	https://dadosabertos.camara.leg.br/api/v2/proposicoes/2585316/relacionadas	json
NOR2-018	https://dadosabertos.camara.leg.br/api/v2/proposicoes/2585316/votacoes	json
NOR2-018	https://www.camara.leg.br/proposicoesWeb/prop_mostrarintegra?codteor=3077607	pdf
NOR2-018	https://www.camara.leg.br/proposicoesWeb/prop_mostrarintegra?codteor=3077982	pdf
NOR2-018	https://www.camara.leg.br/proposicoesWeb/prop_mostrarintegra?codteor=3081443	pdf
NOR2-018	https://www.camara.leg.br/proposicoesWeb/prop_mostrarintegra?codteor=3059582	pdf
NOR2-018	https://www.camara.leg.br/proposicoesWeb/prop_mostrarintegra?codteor=3047681	pdf
NOR2-018	https://www.camara.leg.br/proposicoesWeb/prop_mostrarintegra?codteor=3077987	pdf
NOR2-019	https://legis.senado.leg.br/dadosabertos/processo/8992942	json
NOR2-019	https://legis.senado.leg.br/sdleg-getter/documento?dm=10174107	pdf
NOR2-019	https://legis.senado.leg.br/sdleg-getter/documento?dm=10175095	pdf
NOR2-019	https://legis.senado.gov.br/sdleg-getter/documento?dm=10155651	pdf
NOR2-020	https://www.fnde.gov.br/phocadownload/financiamento/fundeb/2022/PORTARIA%20MEC%20N%2067%20DE%202022%20-%20HOMOLOGA%20PARECER%20SEB%20FIXAO%20PISO%20MAGISTRIO%202022.pdf	pdf
NOR2-020	https://www.gov.br/fnde/pt-br/acesso-a-informacao/legislacao/portarias/2022/portaria-mec-no-67-de-2022	html
NOR2-021	https://www.planalto.gov.br/ccivil_03/_ato2023-2026/2026/Exm/Exm-MP-1334-26.pdf	pdf
NOR2-022	https://dadosabertos.camara.leg.br/api/v2/proposicoes?siglaTipo=RIC&codTema=46&ano=2019&itens=100&ordem=ASC&ordenarPor=id&pagina=1	json
NOR2-022	https://dadosabertos.camara.leg.br/api/v2/proposicoes?siglaTipo=RIC&codTema=46&ano=2020&itens=100&ordem=ASC&ordenarPor=id&pagina=1	json
NOR2-022	https://dadosabertos.camara.leg.br/api/v2/proposicoes?siglaTipo=RIC&codTema=46&ano=2021&itens=100&ordem=ASC&ordenarPor=id&pagina=1	json
NOR2-022	https://dadosabertos.camara.leg.br/api/v2/proposicoes?siglaTipo=RIC&codTema=46&ano=2022&itens=100&ordem=ASC&ordenarPor=id&pagina=1	json
NOR2-023	https://dadosabertos.camara.leg.br/api/v2/proposicoes?siglaTipo=RIC&codTema=46&ano=2026&itens=100&ordem=ASC&ordenarPor=id&pagina=1	json
NOR2-023	https://dadosabertos.camara.leg.br/api/v2/proposicoes?siglaTipo=RIC&codTema=46&ano=2023&itens=100&ordem=ASC&ordenarPor=id&pagina=1	json
NOR2-024	https://www.planalto.gov.br/ccivil_03/_ato2019-2022/2020/decreto/D10502.htm	html
NOR2-024	http://portal.stf.jus.br/processos/detalhe.asp?incidente=6036507	html
NOR2-024	https://portal.stf.jus.br/processos/listarProcessos.asp?classe=ADI&numeroProcesso=6926	html
NOR2-024	https://pesquisa.apps.tcu.gov.br/rest/publico/base/acordao-completo/documentosResumidos?termo=ADI%206590&quantidade=10&inicio=0	json
NOR2-020	https://pesquisa.apps.tcu.gov.br/rest/publico/base/acordao-completo/documentosResumidos?termo=piso%20magist%C3%A9rio%204.420%2C55&quantidade=10&inicio=0	json
NOR2-020	https://pesquisa.apps.tcu.gov.br/rest/publico/base/acordao-completo/documento?termo=KEY%3AACORDAO-COMPLETO-2635112&ordenacao=DTRELEVANCIA%20desc&quantidade=1&inicio=0	json
