FIN-001	https://apisidra.ibge.gov.br/values/t/1737/n1/all/v/69/p/201912,202012,202112,202212,202312,202412,202512,202608	json
FIN-001	https://apisidra.ibge.gov.br/values/t/1737/n1/all/v/2266/p/201812,201912,202012,202112,202212,202312,202412,202512,202608	json
FIN-004	https://cdn.tesouro.gov.br/sistemas-internos/apex/producao/sistemas/thot/arquivos/publicacoes/31547_1016534/relatorio_dez19.pdf	pdf
FIN-004	https://www.tesourotransparente.gov.br/publicacoes/boletim-resultado-do-tesouro-nacional-rtn/2019/12	html
FIN-005	https://cdn.tesouro.gov.br/sistemas-internos/apex/producao/sistemas/thot/arquivos/publicacoes/37105_1940142/RTN_Boletim_2020_12.pdf	pdf
FIN-005	https://www.tesourotransparente.gov.br/publicacoes/boletim-resultado-do-tesouro-nacional-rtn/2020/12	html
FIN-006	https://cdn.tesouro.gov.br/sistemas-internos/apex/producao/sistemas/thot/arquivos/publicacoes/42576_1431436/RTN_Boletim_2021_12.pdf	pdf
FIN-006	https://www.tesourotransparente.gov.br/publicacoes/boletim-resultado-do-tesouro-nacional-rtn/2021/12	html
FIN-007	https://cdn.tesouro.gov.br/sistemas-internos/apex/producao/sistemas/thot/arquivos/publicacoes/46073_1449893/boletim_dez22.pdf	pdf
FIN-007	https://www.tesourotransparente.gov.br/publicacoes/boletim-resultado-do-tesouro-nacional-rtn/2022/12	html
FIN-008	https://cdn.tesouro.gov.br/sistemas-internos/apex/producao/sistemas/thot/arquivos/publicacoes/48787_1551088/boletim_dez23.pdf	pdf
FIN-008	https://www.tesourotransparente.gov.br/publicacoes/boletim-resultado-do-tesouro-nacional-rtn/2023/12	html
FIN-009	https://cdn.tesouro.gov.br/sistemas-internos/apex/producao/sistemas/thot/arquivos/publicacoes/51291_1726861/boletim_dez24.pdf	pdf
FIN-009	https://www.tesourotransparente.gov.br/publicacoes/boletim-resultado-do-tesouro-nacional-rtn/2024/12	html
FIN-010	https://cdn.tesouro.gov.br/sistemas-internos/apex/producao/sistemas/thot/arquivos/publicacoes/53718_1740106/boletim_dez25.pdf	pdf
FIN-010	https://www.tesourotransparente.gov.br/publicacoes/boletim-resultado-do-tesouro-nacional-rtn/2025/12	html
FIN-011	https://cdn.tesouro.gov.br/sistemas-internos/apex/producao/sistemas/thot/arquivos/publicacoes/55921_1803160/boletim_ago26.pdf	pdf
FIN-011	https://www.tesourotransparente.gov.br/publicacoes/boletim-resultado-do-tesouro-nacional-rtn/2026/8	html
FIN-012	https://www.planalto.gov.br/ccivil_03/_ato2019-2022/2019/decreto/D9741.htm	html
FIN-013	https://www.planalto.gov.br/ccivil_03/_ato2019-2022/2019/decreto/D9809.htm	html
FIN-014	https://www.planalto.gov.br/ccivil_03/_ato2019-2022/2019/decreto/D10028.htm	html
FIN-015	https://www.planalto.gov.br/ccivil_03/_ato2019-2022/2019/decreto/D10181.htm	html
FIN-016	https://www.planalto.gov.br/ccivil_03/_ato2019-2022/2021/decreto/D10686.htm	html
FIN-017	https://www.planalto.gov.br/ccivil_03/_ato2019-2022/2021/decreto/D10699.htm	html
FIN-018	https://www.planalto.gov.br/ccivil_03/_ato2019-2022/2021/decreto/D10874.htm	html
FIN-019	https://www.planalto.gov.br/ccivil_03/_ato2019-2022/2022/decreto/D11086.htm	html
FIN-020	https://www.planalto.gov.br/ccivil_03/_ato2019-2022/2022/decreto/D11154.htm	html
FIN-021	https://www.planalto.gov.br/ccivil_03/_ato2019-2022/2022/decreto/D11216.htm	html
FIN-022	https://www.planalto.gov.br/ccivil_03/_ato2019-2022/2022/decreto/D11269.htm	html
FIN-023	https://www.planalto.gov.br/ccivil_03/_ato2023-2026/2023/decreto/D11415.htm	html
FIN-024	https://www.planalto.gov.br/ccivil_03/_ato2023-2026/2023/decreto/D11811.htm	html
FIN-025	https://www.planalto.gov.br/ccivil_03/_ato2023-2026/2024/decreto/D12120.htm	html
FIN-026	https://www.planalto.gov.br/ccivil_03/_ato2023-2026/2024/decreto/D12279.htm	html
FIN-027	https://www.planalto.gov.br/ccivil_03/_ato2023-2026/2025/decreto/D12448.htm	html
FIN-028	https://www.planalto.gov.br/ccivil_03/_ato2023-2026/2025/decreto/D12763.htm	html
FIN-029	https://www.planalto.gov.br/ccivil_03/leis/lcp/lcp177.htm	html
FIN-030	https://www.planalto.gov.br/ccivil_03/_ato2019-2022/2022/mpv/mpv1136.htm	html
FIN-031	https://dadosabertos.camara.leg.br/api/v2/proposicoes/2334478	json
FIN-032	https://www.planalto.gov.br/ccivil_03/constituicao/emendas/emc/emc108.htm	html
FIN-033	https://www.planalto.gov.br/ccivil_03/_ato2019-2022/2020/lei/l14113.htm	html
FIN-034	https://www.gov.br/cnpq/pt-br/acesso-a-informacao/bolsas-e-auxilios/copy_of_modalidades/tabela-de-valores-no-pais	html
FIN-035	https://www.gov.br/cnpq/pt-br/acesso-a-informacao/auditorias/copy_of_RelatriodeGestode2019.pdf	pdf
FIN-036	https://www.gov.br/cnpq/pt-br/acesso-a-informacao/auditorias/copy_of_Relatorio_de_Gestao_CNPq_2020.pdf	pdf
FIN-037	https://www.gov.br/cnpq/pt-br/acesso-a-informacao/auditorias/Relatorio_de_Gestao_CNPq_2021_v2_COCOM.pdf	pdf
FIN-038	https://www.gov.br/cnpq/pt-br/acesso-a-informacao/auditorias/RELATORIOGESTAOvACS20230428.pdf	pdf
FIN-039	https://www.gov.br/cnpq/pt-br/acesso-a-informacao/auditorias/RG2023v3pubNaoDiagramado.pdf	pdf
FIN-040	https://www.gov.br/cnpq/pt-br/acesso-a-informacao/planejamento-e-governanca/RelatriodeGesto2024CNPq.pdf	pdf
FIN-041	https://www.gov.br/cnpq/pt-br/acesso-a-informacao/auditorias/copy_of_RG2025vfinal31032026semlogo.pdf	pdf
FIN-042	https://www.gov.br/capes/pt-br/acesso-a-informacao/institucional/orcamento-evolucao-em-reais	html
FIN-043	https://www.gov.br/capes/pt-br/centrais-de-conteudo/documentos/06032026_DadosparaoRelatriodeGesto2025.pdf/@@display-file/file	pdf
FIN-044	https://www.gov.br/fnde/pt-br/acesso-a-informacao/acoes-e-programas/programas/pnae/consultas/pnae-dados-fisicos-e-financeiros-do-pnae	html
FIN-045	https://www.gov.br/fnde/pt-br/acesso-a-informacao/acoes-e-programas/programas/programas-do-livro/pnld/dados-estatisticos	html
FIN-046	https://www.gov.br/fnde/pt-br/acesso-a-informacao/legislacao/resolucoes/2020/resolucao-no-6-de-08-de-maio-de-2020/@@download/file	pdf
FIN-047	https://www.gov.br/fnde/pt-br/acesso-a-informacao/legislacao/resolucoes/2023/resolucao-no-02-de-10-de-marco-de-2023.pdf	pdf
FIN-048	https://www.gov.br/fnde/pt-br/acesso-a-informacao/acoes-e-programas/programas/pnae	html
FIN-002	https://apidatalake.tesouro.gov.br/ords/siconfi/tt/dca?an_exercicio=2019&no_anexo=DCA-Anexo%20I-E&id_ente=1&offset=0&limit=250	json
FIN-002	https://apidatalake.tesouro.gov.br/ords/siconfi/tt/dca?an_exercicio=2019&no_anexo=DCA-Anexo%20I-E&id_ente=1&offset=250&limit=250	json
FIN-002	https://apidatalake.tesouro.gov.br/ords/siconfi/tt/dca?an_exercicio=2019&no_anexo=DCA-Anexo%20I-E&id_ente=1&offset=500&limit=250	json
FIN-002	https://apidatalake.tesouro.gov.br/ords/siconfi/tt/dca?an_exercicio=2019&no_anexo=DCA-Anexo%20I-E&id_ente=1&offset=750&limit=250	json
FIN-002	https://apidatalake.tesouro.gov.br/ords/siconfi/tt/dca?an_exercicio=2020&no_anexo=DCA-Anexo%20I-E&id_ente=1&offset=0&limit=250	json
FIN-002	https://apidatalake.tesouro.gov.br/ords/siconfi/tt/dca?an_exercicio=2020&no_anexo=DCA-Anexo%20I-E&id_ente=1&offset=250&limit=250	json
FIN-002	https://apidatalake.tesouro.gov.br/ords/siconfi/tt/dca?an_exercicio=2020&no_anexo=DCA-Anexo%20I-E&id_ente=1&offset=500&limit=250	json
FIN-002	https://apidatalake.tesouro.gov.br/ords/siconfi/tt/dca?an_exercicio=2020&no_anexo=DCA-Anexo%20I-E&id_ente=1&offset=750&limit=250	json
FIN-002	https://apidatalake.tesouro.gov.br/ords/siconfi/tt/dca?an_exercicio=2021&no_anexo=DCA-Anexo%20I-E&id_ente=1&offset=0&limit=250	json
FIN-002	https://apidatalake.tesouro.gov.br/ords/siconfi/tt/dca?an_exercicio=2021&no_anexo=DCA-Anexo%20I-E&id_ente=1&offset=250&limit=250	json
FIN-002	https://apidatalake.tesouro.gov.br/ords/siconfi/tt/dca?an_exercicio=2021&no_anexo=DCA-Anexo%20I-E&id_ente=1&offset=500&limit=250	json
FIN-002	https://apidatalake.tesouro.gov.br/ords/siconfi/tt/dca?an_exercicio=2021&no_anexo=DCA-Anexo%20I-E&id_ente=1&offset=750&limit=250	json
FIN-002	https://apidatalake.tesouro.gov.br/ords/siconfi/tt/dca?an_exercicio=2022&no_anexo=DCA-Anexo%20I-E&id_ente=1&offset=0&limit=250	json
FIN-002	https://apidatalake.tesouro.gov.br/ords/siconfi/tt/dca?an_exercicio=2022&no_anexo=DCA-Anexo%20I-E&id_ente=1&offset=250&limit=250	json
FIN-002	https://apidatalake.tesouro.gov.br/ords/siconfi/tt/dca?an_exercicio=2022&no_anexo=DCA-Anexo%20I-E&id_ente=1&offset=500&limit=250	json
FIN-002	https://apidatalake.tesouro.gov.br/ords/siconfi/tt/dca?an_exercicio=2022&no_anexo=DCA-Anexo%20I-E&id_ente=1&offset=750&limit=250	json
FIN-002	https://apidatalake.tesouro.gov.br/ords/siconfi/tt/dca?an_exercicio=2023&no_anexo=DCA-Anexo%20I-E&id_ente=1&offset=0&limit=250	json
FIN-002	https://apidatalake.tesouro.gov.br/ords/siconfi/tt/dca?an_exercicio=2023&no_anexo=DCA-Anexo%20I-E&id_ente=1&offset=250&limit=250	json
FIN-002	https://apidatalake.tesouro.gov.br/ords/siconfi/tt/dca?an_exercicio=2023&no_anexo=DCA-Anexo%20I-E&id_ente=1&offset=500&limit=250	json
FIN-002	https://apidatalake.tesouro.gov.br/ords/siconfi/tt/dca?an_exercicio=2023&no_anexo=DCA-Anexo%20I-E&id_ente=1&offset=750&limit=250	json
FIN-002	https://apidatalake.tesouro.gov.br/ords/siconfi/tt/dca?an_exercicio=2024&no_anexo=DCA-Anexo%20I-E&id_ente=1&offset=0&limit=250	json
FIN-002	https://apidatalake.tesouro.gov.br/ords/siconfi/tt/dca?an_exercicio=2024&no_anexo=DCA-Anexo%20I-E&id_ente=1&offset=250&limit=250	json
FIN-002	https://apidatalake.tesouro.gov.br/ords/siconfi/tt/dca?an_exercicio=2024&no_anexo=DCA-Anexo%20I-E&id_ente=1&offset=500&limit=250	json
FIN-002	https://apidatalake.tesouro.gov.br/ords/siconfi/tt/dca?an_exercicio=2024&no_anexo=DCA-Anexo%20I-E&id_ente=1&offset=750&limit=250	json
FIN-002	https://apidatalake.tesouro.gov.br/ords/siconfi/tt/dca?an_exercicio=2025&no_anexo=DCA-Anexo%20I-E&id_ente=1&offset=0&limit=250	json
FIN-002	https://apidatalake.tesouro.gov.br/ords/siconfi/tt/dca?an_exercicio=2025&no_anexo=DCA-Anexo%20I-E&id_ente=1&offset=250&limit=250	json
FIN-002	https://apidatalake.tesouro.gov.br/ords/siconfi/tt/dca?an_exercicio=2025&no_anexo=DCA-Anexo%20I-E&id_ente=1&offset=500&limit=250	json
FIN-002	https://apidatalake.tesouro.gov.br/ords/siconfi/tt/dca?an_exercicio=2025&no_anexo=DCA-Anexo%20I-E&id_ente=1&offset=750&limit=250	json
FIN-003	https://apidatalake.tesouro.gov.br/ords/siconfi/tt/rreo?an_exercicio=2019&nr_periodo=6&co_tipo_demonstrativo=RREO&no_anexo=RREO-Anexo%2002&id_ente=1&offset=0&limit=200	json
FIN-003	https://apidatalake.tesouro.gov.br/ords/siconfi/tt/rreo?an_exercicio=2019&nr_periodo=6&co_tipo_demonstrativo=RREO&no_anexo=RREO-Anexo%2002&id_ente=1&offset=200&limit=200	json
FIN-003	https://apidatalake.tesouro.gov.br/ords/siconfi/tt/rreo?an_exercicio=2019&nr_periodo=6&co_tipo_demonstrativo=RREO&no_anexo=RREO-Anexo%2002&id_ente=1&offset=400&limit=200	json
FIN-003	https://apidatalake.tesouro.gov.br/ords/siconfi/tt/rreo?an_exercicio=2019&nr_periodo=6&co_tipo_demonstrativo=RREO&no_anexo=RREO-Anexo%2002&id_ente=1&offset=600&limit=200	json
FIN-003	https://apidatalake.tesouro.gov.br/ords/siconfi/tt/rreo?an_exercicio=2019&nr_periodo=6&co_tipo_demonstrativo=RREO&no_anexo=RREO-Anexo%2002&id_ente=1&offset=800&limit=200	json
FIN-003	https://apidatalake.tesouro.gov.br/ords/siconfi/tt/rreo?an_exercicio=2019&nr_periodo=6&co_tipo_demonstrativo=RREO&no_anexo=RREO-Anexo%2002&id_ente=1&offset=1000&limit=200	json
FIN-003	https://apidatalake.tesouro.gov.br/ords/siconfi/tt/rreo?an_exercicio=2019&nr_periodo=6&co_tipo_demonstrativo=RREO&no_anexo=RREO-Anexo%2002&id_ente=1&offset=1200&limit=200	json
FIN-003	https://apidatalake.tesouro.gov.br/ords/siconfi/tt/rreo?an_exercicio=2019&nr_periodo=6&co_tipo_demonstrativo=RREO&no_anexo=RREO-Anexo%2002&id_ente=1&offset=1400&limit=200	json
FIN-003	https://apidatalake.tesouro.gov.br/ords/siconfi/tt/rreo?an_exercicio=2020&nr_periodo=6&co_tipo_demonstrativo=RREO&no_anexo=RREO-Anexo%2002&id_ente=1&offset=0&limit=200	json
FIN-003	https://apidatalake.tesouro.gov.br/ords/siconfi/tt/rreo?an_exercicio=2020&nr_periodo=6&co_tipo_demonstrativo=RREO&no_anexo=RREO-Anexo%2002&id_ente=1&offset=200&limit=200	json
FIN-003	https://apidatalake.tesouro.gov.br/ords/siconfi/tt/rreo?an_exercicio=2020&nr_periodo=6&co_tipo_demonstrativo=RREO&no_anexo=RREO-Anexo%2002&id_ente=1&offset=400&limit=200	json
FIN-003	https://apidatalake.tesouro.gov.br/ords/siconfi/tt/rreo?an_exercicio=2020&nr_periodo=6&co_tipo_demonstrativo=RREO&no_anexo=RREO-Anexo%2002&id_ente=1&offset=600&limit=200	json
FIN-003	https://apidatalake.tesouro.gov.br/ords/siconfi/tt/rreo?an_exercicio=2020&nr_periodo=6&co_tipo_demonstrativo=RREO&no_anexo=RREO-Anexo%2002&id_ente=1&offset=800&limit=200	json
FIN-003	https://apidatalake.tesouro.gov.br/ords/siconfi/tt/rreo?an_exercicio=2020&nr_periodo=6&co_tipo_demonstrativo=RREO&no_anexo=RREO-Anexo%2002&id_ente=1&offset=1000&limit=200	json
FIN-003	https://apidatalake.tesouro.gov.br/ords/siconfi/tt/rreo?an_exercicio=2020&nr_periodo=6&co_tipo_demonstrativo=RREO&no_anexo=RREO-Anexo%2002&id_ente=1&offset=1200&limit=200	json
FIN-003	https://apidatalake.tesouro.gov.br/ords/siconfi/tt/rreo?an_exercicio=2020&nr_periodo=6&co_tipo_demonstrativo=RREO&no_anexo=RREO-Anexo%2002&id_ente=1&offset=1400&limit=200	json
FIN-003	https://apidatalake.tesouro.gov.br/ords/siconfi/tt/rreo?an_exercicio=2021&nr_periodo=6&co_tipo_demonstrativo=RREO&no_anexo=RREO-Anexo%2002&id_ente=1&offset=0&limit=200	json
FIN-003	https://apidatalake.tesouro.gov.br/ords/siconfi/tt/rreo?an_exercicio=2021&nr_periodo=6&co_tipo_demonstrativo=RREO&no_anexo=RREO-Anexo%2002&id_ente=1&offset=200&limit=200	json
FIN-003	https://apidatalake.tesouro.gov.br/ords/siconfi/tt/rreo?an_exercicio=2021&nr_periodo=6&co_tipo_demonstrativo=RREO&no_anexo=RREO-Anexo%2002&id_ente=1&offset=400&limit=200	json
FIN-003	https://apidatalake.tesouro.gov.br/ords/siconfi/tt/rreo?an_exercicio=2021&nr_periodo=6&co_tipo_demonstrativo=RREO&no_anexo=RREO-Anexo%2002&id_ente=1&offset=600&limit=200	json
FIN-003	https://apidatalake.tesouro.gov.br/ords/siconfi/tt/rreo?an_exercicio=2021&nr_periodo=6&co_tipo_demonstrativo=RREO&no_anexo=RREO-Anexo%2002&id_ente=1&offset=800&limit=200	json
FIN-003	https://apidatalake.tesouro.gov.br/ords/siconfi/tt/rreo?an_exercicio=2021&nr_periodo=6&co_tipo_demonstrativo=RREO&no_anexo=RREO-Anexo%2002&id_ente=1&offset=1000&limit=200	json
FIN-003	https://apidatalake.tesouro.gov.br/ords/siconfi/tt/rreo?an_exercicio=2021&nr_periodo=6&co_tipo_demonstrativo=RREO&no_anexo=RREO-Anexo%2002&id_ente=1&offset=1200&limit=200	json
FIN-003	https://apidatalake.tesouro.gov.br/ords/siconfi/tt/rreo?an_exercicio=2021&nr_periodo=6&co_tipo_demonstrativo=RREO&no_anexo=RREO-Anexo%2002&id_ente=1&offset=1400&limit=200	json
FIN-003	https://apidatalake.tesouro.gov.br/ords/siconfi/tt/rreo?an_exercicio=2022&nr_periodo=6&co_tipo_demonstrativo=RREO&no_anexo=RREO-Anexo%2002&id_ente=1&offset=0&limit=200	json
FIN-003	https://apidatalake.tesouro.gov.br/ords/siconfi/tt/rreo?an_exercicio=2022&nr_periodo=6&co_tipo_demonstrativo=RREO&no_anexo=RREO-Anexo%2002&id_ente=1&offset=200&limit=200	json
FIN-003	https://apidatalake.tesouro.gov.br/ords/siconfi/tt/rreo?an_exercicio=2022&nr_periodo=6&co_tipo_demonstrativo=RREO&no_anexo=RREO-Anexo%2002&id_ente=1&offset=400&limit=200	json
FIN-003	https://apidatalake.tesouro.gov.br/ords/siconfi/tt/rreo?an_exercicio=2022&nr_periodo=6&co_tipo_demonstrativo=RREO&no_anexo=RREO-Anexo%2002&id_ente=1&offset=600&limit=200	json
FIN-003	https://apidatalake.tesouro.gov.br/ords/siconfi/tt/rreo?an_exercicio=2022&nr_periodo=6&co_tipo_demonstrativo=RREO&no_anexo=RREO-Anexo%2002&id_ente=1&offset=800&limit=200	json
FIN-003	https://apidatalake.tesouro.gov.br/ords/siconfi/tt/rreo?an_exercicio=2022&nr_periodo=6&co_tipo_demonstrativo=RREO&no_anexo=RREO-Anexo%2002&id_ente=1&offset=1000&limit=200	json
FIN-003	https://apidatalake.tesouro.gov.br/ords/siconfi/tt/rreo?an_exercicio=2022&nr_periodo=6&co_tipo_demonstrativo=RREO&no_anexo=RREO-Anexo%2002&id_ente=1&offset=1200&limit=200	json
FIN-003	https://apidatalake.tesouro.gov.br/ords/siconfi/tt/rreo?an_exercicio=2022&nr_periodo=6&co_tipo_demonstrativo=RREO&no_anexo=RREO-Anexo%2002&id_ente=1&offset=1400&limit=200	json
FIN-003	https://apidatalake.tesouro.gov.br/ords/siconfi/tt/rreo?an_exercicio=2023&nr_periodo=6&co_tipo_demonstrativo=RREO&no_anexo=RREO-Anexo%2002&id_ente=1&offset=0&limit=200	json
FIN-003	https://apidatalake.tesouro.gov.br/ords/siconfi/tt/rreo?an_exercicio=2023&nr_periodo=6&co_tipo_demonstrativo=RREO&no_anexo=RREO-Anexo%2002&id_ente=1&offset=200&limit=200	json
FIN-003	https://apidatalake.tesouro.gov.br/ords/siconfi/tt/rreo?an_exercicio=2023&nr_periodo=6&co_tipo_demonstrativo=RREO&no_anexo=RREO-Anexo%2002&id_ente=1&offset=400&limit=200	json
FIN-003	https://apidatalake.tesouro.gov.br/ords/siconfi/tt/rreo?an_exercicio=2023&nr_periodo=6&co_tipo_demonstrativo=RREO&no_anexo=RREO-Anexo%2002&id_ente=1&offset=600&limit=200	json
FIN-003	https://apidatalake.tesouro.gov.br/ords/siconfi/tt/rreo?an_exercicio=2023&nr_periodo=6&co_tipo_demonstrativo=RREO&no_anexo=RREO-Anexo%2002&id_ente=1&offset=800&limit=200	json
FIN-003	https://apidatalake.tesouro.gov.br/ords/siconfi/tt/rreo?an_exercicio=2023&nr_periodo=6&co_tipo_demonstrativo=RREO&no_anexo=RREO-Anexo%2002&id_ente=1&offset=1000&limit=200	json
FIN-003	https://apidatalake.tesouro.gov.br/ords/siconfi/tt/rreo?an_exercicio=2023&nr_periodo=6&co_tipo_demonstrativo=RREO&no_anexo=RREO-Anexo%2002&id_ente=1&offset=1200&limit=200	json
FIN-003	https://apidatalake.tesouro.gov.br/ords/siconfi/tt/rreo?an_exercicio=2023&nr_periodo=6&co_tipo_demonstrativo=RREO&no_anexo=RREO-Anexo%2002&id_ente=1&offset=1400&limit=200	json
FIN-003	https://apidatalake.tesouro.gov.br/ords/siconfi/tt/rreo?an_exercicio=2024&nr_periodo=6&co_tipo_demonstrativo=RREO&no_anexo=RREO-Anexo%2002&id_ente=1&offset=0&limit=200	json
FIN-003	https://apidatalake.tesouro.gov.br/ords/siconfi/tt/rreo?an_exercicio=2024&nr_periodo=6&co_tipo_demonstrativo=RREO&no_anexo=RREO-Anexo%2002&id_ente=1&offset=200&limit=200	json
FIN-003	https://apidatalake.tesouro.gov.br/ords/siconfi/tt/rreo?an_exercicio=2024&nr_periodo=6&co_tipo_demonstrativo=RREO&no_anexo=RREO-Anexo%2002&id_ente=1&offset=400&limit=200	json
FIN-003	https://apidatalake.tesouro.gov.br/ords/siconfi/tt/rreo?an_exercicio=2024&nr_periodo=6&co_tipo_demonstrativo=RREO&no_anexo=RREO-Anexo%2002&id_ente=1&offset=600&limit=200	json
FIN-003	https://apidatalake.tesouro.gov.br/ords/siconfi/tt/rreo?an_exercicio=2024&nr_periodo=6&co_tipo_demonstrativo=RREO&no_anexo=RREO-Anexo%2002&id_ente=1&offset=800&limit=200	json
FIN-003	https://apidatalake.tesouro.gov.br/ords/siconfi/tt/rreo?an_exercicio=2024&nr_periodo=6&co_tipo_demonstrativo=RREO&no_anexo=RREO-Anexo%2002&id_ente=1&offset=1000&limit=200	json
FIN-003	https://apidatalake.tesouro.gov.br/ords/siconfi/tt/rreo?an_exercicio=2024&nr_periodo=6&co_tipo_demonstrativo=RREO&no_anexo=RREO-Anexo%2002&id_ente=1&offset=1200&limit=200	json
FIN-003	https://apidatalake.tesouro.gov.br/ords/siconfi/tt/rreo?an_exercicio=2024&nr_periodo=6&co_tipo_demonstrativo=RREO&no_anexo=RREO-Anexo%2002&id_ente=1&offset=1400&limit=200	json
FIN-003	https://apidatalake.tesouro.gov.br/ords/siconfi/tt/rreo?an_exercicio=2025&nr_periodo=6&co_tipo_demonstrativo=RREO&no_anexo=RREO-Anexo%2002&id_ente=1&offset=0&limit=200	json
FIN-003	https://apidatalake.tesouro.gov.br/ords/siconfi/tt/rreo?an_exercicio=2025&nr_periodo=6&co_tipo_demonstrativo=RREO&no_anexo=RREO-Anexo%2002&id_ente=1&offset=200&limit=200	json
FIN-003	https://apidatalake.tesouro.gov.br/ords/siconfi/tt/rreo?an_exercicio=2025&nr_periodo=6&co_tipo_demonstrativo=RREO&no_anexo=RREO-Anexo%2002&id_ente=1&offset=400&limit=200	json
FIN-003	https://apidatalake.tesouro.gov.br/ords/siconfi/tt/rreo?an_exercicio=2025&nr_periodo=6&co_tipo_demonstrativo=RREO&no_anexo=RREO-Anexo%2002&id_ente=1&offset=600&limit=200	json
FIN-003	https://apidatalake.tesouro.gov.br/ords/siconfi/tt/rreo?an_exercicio=2025&nr_periodo=6&co_tipo_demonstrativo=RREO&no_anexo=RREO-Anexo%2002&id_ente=1&offset=800&limit=200	json
FIN-003	https://apidatalake.tesouro.gov.br/ords/siconfi/tt/rreo?an_exercicio=2025&nr_periodo=6&co_tipo_demonstrativo=RREO&no_anexo=RREO-Anexo%2002&id_ente=1&offset=1000&limit=200	json
FIN-003	https://apidatalake.tesouro.gov.br/ords/siconfi/tt/rreo?an_exercicio=2025&nr_periodo=6&co_tipo_demonstrativo=RREO&no_anexo=RREO-Anexo%2002&id_ente=1&offset=1200&limit=200	json
FIN-003	https://apidatalake.tesouro.gov.br/ords/siconfi/tt/rreo?an_exercicio=2025&nr_periodo=6&co_tipo_demonstrativo=RREO&no_anexo=RREO-Anexo%2002&id_ente=1&offset=1400&limit=200	json
FIN-003	https://apidatalake.tesouro.gov.br/ords/siconfi/tt/rreo?an_exercicio=2026&nr_periodo=4&co_tipo_demonstrativo=RREO&no_anexo=RREO-Anexo%2002&id_ente=1&offset=0&limit=200	json
FIN-003	https://apidatalake.tesouro.gov.br/ords/siconfi/tt/rreo?an_exercicio=2026&nr_periodo=4&co_tipo_demonstrativo=RREO&no_anexo=RREO-Anexo%2002&id_ente=1&offset=200&limit=200	json
FIN-003	https://apidatalake.tesouro.gov.br/ords/siconfi/tt/rreo?an_exercicio=2026&nr_periodo=4&co_tipo_demonstrativo=RREO&no_anexo=RREO-Anexo%2002&id_ente=1&offset=400&limit=200	json
FIN-003	https://apidatalake.tesouro.gov.br/ords/siconfi/tt/rreo?an_exercicio=2026&nr_periodo=4&co_tipo_demonstrativo=RREO&no_anexo=RREO-Anexo%2002&id_ente=1&offset=600&limit=200	json
FIN-003	https://apidatalake.tesouro.gov.br/ords/siconfi/tt/rreo?an_exercicio=2026&nr_periodo=4&co_tipo_demonstrativo=RREO&no_anexo=RREO-Anexo%2002&id_ente=1&offset=800&limit=200	json
FIN-003	https://apidatalake.tesouro.gov.br/ords/siconfi/tt/rreo?an_exercicio=2026&nr_periodo=4&co_tipo_demonstrativo=RREO&no_anexo=RREO-Anexo%2002&id_ente=1&offset=1000&limit=200	json
FIN-003	https://apidatalake.tesouro.gov.br/ords/siconfi/tt/rreo?an_exercicio=2026&nr_periodo=4&co_tipo_demonstrativo=RREO&no_anexo=RREO-Anexo%2002&id_ente=1&offset=1200&limit=200	json
FIN-003	https://apidatalake.tesouro.gov.br/ords/siconfi/tt/rreo?an_exercicio=2026&nr_periodo=4&co_tipo_demonstrativo=RREO&no_anexo=RREO-Anexo%2002&id_ente=1&offset=1400&limit=200	json
FIN-004	https://thot-arquivos.tesouro.gov.br/publicacao-anexo/7114	xlsx
FIN-005	https://thot-arquivos.tesouro.gov.br/publicacao-anexo/11542	xlsx
FIN-006	https://thot-arquivos.tesouro.gov.br/publicacao-anexo/15409	xlsx
FIN-007	https://thot-arquivos.tesouro.gov.br/publicacao-anexo/19092	xlsx
FIN-008	https://thot-arquivos.tesouro.gov.br/publicacao-anexo/22121	xlsx
FIN-009	https://thot-arquivos.tesouro.gov.br/publicacao-anexo/24522	xlsx
FIN-010	https://thot-arquivos.tesouro.gov.br/publicacao-anexo/27550	xlsx
FIN-011	https://thot-arquivos.tesouro.gov.br/publicacao-anexo/29326	xlsx
FIN-011	https://www.tesourotransparente.gov.br/ckan/dataset/ab56485b-9c40-4efb-8563-9ce3e1973c4b/resource/527ccdb1-3059-42f3-bf23-b5e3ab4c6dc6/download/seriehistoricajul26.xlsx	xlsx
FIN-002	https://www.tesourotransparente.gov.br/ckan/dataset/bcd753b8-e79d-4964-a565-977d23bada0d/resource/1043f379-e7fb-4c18-be52-345b8672ccfb/download/despesauniao.xlsx	xlsx
FIN-034	http://memoria2.cnpq.br/web/guest/view/-/journal_content/56_INSTANCE_0oED/10157/21396963?COMPANY_ID=10132	html
FIN-034	http://memoria2.cnpq.br/web/guest/view/-/journal_content/56_INSTANCE_0oED/10157/21271212?COMPANY_ID=10132	html
FIN-045	https://www.gov.br/fnde/pt-br/acesso-a-informacao/acoes-e-programas/programas/programas-do-livro/pnld/dados-estatisticos-1/2025/DadosestatisticosporUF_2024_2025.xlsx	xlsx
FIN-045	https://www.gov.br/fnde/pt-br/acesso-a-informacao/acoes-e-programas/programas/programas-do-livro/pnld/dados-estatisticos-1/DADOSESTATISTICOSPORUF_2024.xlsx	xlsx
FIN-045	https://www.gov.br/fnde/pt-br/acesso-a-informacao/acoes-e-programas/programas/programas-do-livro/pnld/dados-estatisticos-1/copy_of_RESUMODISTRIBUIOPNLD2023GERAL.xlsx	xlsx
FIN-045	https://www.gov.br/fnde/pt-br/acesso-a-informacao/acoes-e-programas/programas/programas-do-livro/pnld/dados-estatisticos-1/QTDEDOPNLD2022TODASETAPAS.xlsx	xlsx
FIN-045	https://www.gov.br/fnde/pt-br/acesso-a-informacao/acoes-e-programas/programas/programas-do-livro/pnld/DADOSDISTRIBUIO2020PORUF_.xlsx	xlsx
FIN-045	https://www.gov.br/fnde/pt-br/acesso-a-informacao/acoes-e-programas/programas/programas-do-livro/pnld/DADOSDISTRIBUIO2019PORUF_V5_.xlsx	xlsx
FIN-023	https://www.planalto.gov.br/ccivil_03/_ato2023-2026/2023/decreto/D11538.htm	html
FIN-012	https://www.planalto.gov.br/ccivil_03/_ato2019-2022/2019/decreto/D9711.htm	html
FIN-019	https://www.planalto.gov.br/ccivil_03/_ato2019-2022/2022/decreto/D10961.htm	html
FIN-025	https://www.planalto.gov.br/ccivil_03/_ato2023-2026/2024/decreto/D11927.htm	html
FIN-027	https://www.planalto.gov.br/ccivil_03/_ato2023-2026/2025/decreto/D12477.htm	html
FIN-040	https://www.gov.br/cnpq/pt-br/acesso-a-informacao/auditorias/ParecerAUD.pdf	pdf
FIN-041	https://www.gov.br/cnpq/pt-br/acesso-a-informacao/auditorias/AnexovFinal31032026.pdf	pdf
