GES3-001	https://agenciabrasil.ebc.com.br/educacao/noticia/2018-11/ricardo-velez-rodriguez-e-indicado-para-ministro-da-educacao	html
GES3-002	https://www.poder360.com.br/governo/bolsonaro-diz-que-faltou-gestao-e-expertise-de-velez-a-frente-do-mec/	html
GES3-003	https://www12.senado.leg.br/noticias/materias/2019/04/23/abraham-weintraub-sera-ouvido-pela-comissao-de-educacao-no-inicio-de-maio	html
GES3-004	https://www12.senado.leg.br/noticias/materias/2019/02/26/senadores-protestam-ao-ministro-da-educacao-contra-filmagem-de-estudantes	html
GES3-005	https://www.poder360.com.br/governo/passa-no-rh-demissoes-no-governo-tiveram-fritura-publica-como-padrao-relembre/	html
GES3-006	https://www.poder360.com.br/governo/saiba-quem-e-abraham-weintraub-o-novo-ministro-da-educacao/	html
GES3-007	https://www.gazetadopovo.com.br/eleicoes/2022/sp/quem-e-abraham-weintraub-pre-candidato-do-pmb-ao-governo-de-sp/	html
GES3-008	https://www.cnnbrasil.com.br/politica/cgu-determina-demissao-de-abraham-weintraub-da-unifesp-por-faltas-injustificadas/	html
GES3-009	https://www.poder360.com.br/brasil/weintraub-diz-que-ira-recorrer-de-demissao-da-unifesp/	html
GES3-010	https://agenciabrasil.ebc.com.br/educacao/noticia/2020-06/abraham-weintraub-anuncia-saida-do-ministerio-da-educacao	html
GES3-011	https://agenciabrasil.ebc.com.br/economia/noticia/2020-06/governo-indica-weintraub-para-o-banco-mundial	html
GES3-012	https://www.poder360.com.br/governo/stj-nega-pedido-para-suspender-corte-de-verbas-de-universidades-federais/	html
GES3-013	https://www12.senado.leg.br/noticias/materias/2019/05/07/ministro-nega-corte-para-universidades-federais-e-defende-educacao-basica	html
GES3-014	https://www.gazetadopovo.com.br/vida-e-cidadania/weintraub-e-punido-por-citar-balburdia-em-universidades-e-ofender-imagem-de-paulo-freire/	html
GES3-015	https://www.poder360.com.br/governo/ministro-da-educacao-usa-chocolates-para-explicar-cortes-no-ensino-superior/	html
GES3-016	https://agenciabrasil.ebc.com.br/politica/noticia/2020-07/publicado-decreto-que-torna-sem-efeito-nomeacao-de-dicotelli	html
GES3-017	https://www.poder360.com.br/governo/reitor-de-universidade-argentina-diz-que-decotelli-nao-tem-titulo-de-doutor/	html
GES3-018	https://www.poder360.com.br/brasil/decotelli-atualiza-curriculo-e-destaca-passagem-de-5-dias-pelo-mec/	html
GES3-019	https://www.poder360.com.br/governo/bolsonaro-nomeia-milton-ribeiro-como-novo-ministro-da-educacao/	html
GES3-020	https://www.poder360.com.br/governo/milton-ribeiro-toma-posse-como-ministro-da-educacao/	html
GES3-021	https://www12.senado.leg.br/noticias/materias/2020/09/15/comissao-da-covid-19-recebe-ministro-da-educacao-milton-ribeiro-na-quinta-feira	html
GES3-022	https://agenciabrasil.ebc.com.br/politica/noticia/2022-03/ministro-da-educacao-pede-exoneracao-do-cargo	html
GES3-023	https://agenciabrasil.ebc.com.br/justica/noticia/2022-06/policia-federal-deflagra-operacao-contra-desvios-no-fnde	html
GES3-024	https://www.poder360.com.br/justica/delegado-do-caso-milton-ribeiro-e-indiciado-por-abuso-de-autoridade/	html
GES3-025	https://www.cnnbrasil.com.br/politica/mpf-pede-que-justica-continue-investigacao-sobre-bolsonaro-e-milton-ribeiro/	html
GES3-026	https://www.gazetadopovo.com.br/republica/comissao-presidencia-pune-ex-ministro-bolsonaro-condutas-ilicitas/	html
GES3-027	https://www.metropoles.com/colunas/tacio-lorran/pastores-do-mec-comissao-de-etica	html
GES3-028	https://www.poder360.com.br/poder-justica/ex-ministro-bolsonaro-reu-homofobia/	html
GES3-029	https://www.gazetadopovo.com.br/vida-e-cidadania/ex-ministro-milton-ribeiro-reu-discriminacao-homossexualidade/	html
GES3-030	https://agenciabrasil.ebc.com.br/en/educacao/noticia/2022-03/victor-godoy-new-minister-education	html
GES3-031	https://agenciabrasil.ebc.com.br/educacao/noticia/2022-04/presidente-bolsonaro-efetiva-ministro-da-educacao	html
GES3-032	https://www.cnnbrasil.com.br/nacional/novo-ministro-diz-a-cnn-que-vai-manter-equipe-de-milton-ribeiro-no-mec/	html
GES3-033	https://www.cnnbrasil.com.br/politica/apos-cortes-ministro-da-educacao-anuncia-liberacao-de-verba-para-despesas-discricionarias/	html
GES3-034	https://www.poder360.com.br/governo/mec-libera-r-460-milhoes-para-despesas-da-educacao/	html
GES3-035	https://www12.senado.leg.br/noticias/materias/2022/08/26/vaga-do-ceara-no-senado-sera-disputada-por-cinco-candidatos	html
GES3-036	https://www12.senado.leg.br/noticias/materias/2026/07/08/camilo-santana-e-eleito-presidente-da-comissao-de-educacao-e-cultura	html
GES3-037	https://www.cnnbrasil.com.br/eleicoes/lula-diz-que-camilo-santana-deixara-o-mec-para-atuar-em-campanha-eleitoral/	html
GES3-038	https://www.metropoles.com/brasil/lula-descarta-camilo-santana-candidato-cabo-eleitoral-importante	html
GES3-039	https://www.metropoles.com/brasil/camilo-santana-se-emociona-ao-se-despedir-do-mec-dever-cumprido	html
GES3-040	https://www.poder360.com.br/poder-governo/lula-oficializa-saida-de-camilo-santana-do-mec/	html
GES3-041	https://www12.senado.leg.br/noticias/materias/2020/02/13/prisco-bezerra-anuncia-projeto-para-premiar-escola-por-desempenho-no-ideb	html
GES3-042	https://www12.senado.leg.br/noticias/materias/2024/12/11/subcomissao-propoe-tornar-alfabetizacao-na-idade-certa-uma-politica-de-estado	html
GES3-043	https://www.cnnbrasil.com.br/educacao/pe-de-meia-reduz-abandono-escolar-no-ensino-medio-em-43-em-dois-anos/	html
GES3-044	https://www.poder360.com.br/poder-economia/ministros-do-tcu-questionam-desorcamentacao-em-pe-de-meia-e-desenrola/	html
GES3-045	https://www.poder360.com.br/educacao/lula-anuncia-r-2-bi-para-alfabetizacao-de-criancas-em-4-anos/	html
GES3-046	https://www.cnnbrasil.com.br/educacao/quem-e-leonardo-barchini-novo-ministro-da-educacao/	html
GES3-047	https://www.gazetadopovo.com.br/republica/lula-anuncia-leonardo-barchini-como-novo-ministro-da-educacao/	html
GES3-048	https://www.poder360.com.br/poder-educacao/lula-assina-portaria-que-autoriza-19-institutos-federais-em-12-estados/	html
GES3-008	https://www.in.gov.br/web/dou/-/portaria-n-362-de-6-de-fevereiro-de-2024-541955921	html
GES3-NAO_LIDO	https://g1.globo.com/politica/noticia/2019/04/08/planalto-anuncia-demissao-de-ricardo-velez-rodriguez-do-ministerio-da-educacao.ghtml	html
GES3-NAO_LIDO	https://www1.folha.uol.com.br/educacao/2018/11/bolsonaro-anuncia-ricardo-velez-rodriguez-como-ministro-da-educacao.shtml	html
GES3-NAO_LIDO	https://www1.folha.uol.com.br/educacao/2018/11/doutor-em-filosofia-futuro-ministro-escreveu-sobre-dom-quixote-mst-e-trafico.html	html
GES3-NAO_LIDO	https://valor.globo.com/politica/noticia/2020/06/29/universidade-alema-nega-que-carlos-decotelli-tenha-obtido-pós-doutorado.ghtml	html
GES3-NAO_LIDO	https://oglobo.globo.com/sociedade/universidade-de-wuppertal-nao-confirma-pos-doutorado-do-ministro-da-educacao-na-alemanha-24504818	html
GES3-NAO_LIDO	https://www1.folha.uol.com.br/educacao/2020/06/ministro-da-educacao-copiou-ao-menos-4-trechos-de-outras-teses-em-mestrado.shtml	html
GES3-NAO_LIDO	https://educacao.uol.com.br/noticias/2020/06/27/fgv-vai-apurar-denuncia-de-plagio-em-dissertacao-de-ministro-da-educacao.htm	html
GES3-NAO_LIDO	https://www.bbc.com/portuguese/brasil-53188250	html
GES3-NAO_LIDO	https://g1.globo.com/economia/noticia/2020/07/30/banco-mundial-anuncia-aprovacao-de-abraham-weintraub-como-diretor-executivo-da-instituicao.ghtml	html
GES3-NAO_LIDO	https://agenciabrasil.ebc.com.br/politica/noticia/2020-06/diario-oficial-publica-decreto-de-exoneracao-do-ministro-da-educacao	html
GES3-NAO_LIDO	https://www.cnnbrasil.com.br/politica/comissao-de-etica-da-presidencia-impoe-punicao-a-frias-e-a-weintraub/	html
GES3-NAO_LIDO	https://www.poder360.com.br/poder-justica/justica-mantem-condenacao-de-r-200-000-a-milton-ribeiro-por-homofobia/	html
GES3-NAO_LIDO	https://www.cnnbrasil.com.br/politica/tcu-manda-mec-suspender-pagamentos-do-pe-de-meia-a-cpfs-de-pessoas-mortas/	html
GES3-NAO_LIDO	https://www.poder360.com.br/poder-eleicoes/camilo-santana-e-um-lider-e-cabo-eleitoral-importante-diz-lula/	html
