FLA-001	https://www25.senado.leg.br/web/senadores/senador/-/perfil/5894	html
FLA-002	https://legis.senado.leg.br/dadosabertos/senador/5894/mandatos	html
FLA-003	https://legis.senado.leg.br/dadosabertos/senador/5894/comissoes	html
FLA-003	https://legis.senado.leg.br/dadosabertos/senador/5894/relatorias	html
FLA-004	https://www.alerj.rj.gov.br/Deputados/PerfilDeputado/275?Legislatura=18	html
FLA-005	http://alerjln1.alerj.rj.gov.br/scpro1115.nsf/flaviobolsonaroint?openform&expandview	html
FLA-005	http://alerjln1.alerj.rj.gov.br/scpro0711.nsf/flaviobolsonaroint?openform&expandview	html
FLA-005	http://alerjln1.alerj.rj.gov.br/scpro1519.nsf/flaviobolsonaroint?openform&expandview	html
FLA-005	http://alerjln1.alerj.rj.gov.br/scpro0307.nsf/flaviobolsonaroint?openform&expandview	html
FLA-005	http://alerjln1.alerj.rj.gov.br/contlei.nsf/deputadosint?OpenForm&ExpandView	html
FLA-006	https://legis.senado.leg.br/dadosabertos/votacao?codigoMateria=143611	html
FLA-006	https://www25.senado.leg.br/web/atividade/materias/-/materia/143611/votacoes	html
FLA-007	https://legis.senado.leg.br/diarios/BuscaPaginasDiario?codDiario=104751&download=true	pdf
FLA-008	https://www25.senado.leg.br/web/atividade/materias/-/materia/148543	html
FLA-008	https://legis.senado.leg.br/dadosabertos/votacao?codigoMateria=148543	html
FLA-009	https://legis.senado.leg.br/diarios/BuscaPaginasDiario?codDiario=107890&download=true	pdf
FLA-010	https://legis.senado.leg.br/diarios/BuscaPaginasDiario?codDiario=107990&download=true	pdf
FLA-011	https://www25.senado.leg.br/web/atividade/materias/-/materia/150731/votacoes	html
FLA-011	https://legis.senado.leg.br/dadosabertos/votacao?codigoMateria=150731	html
FLA-012	https://legis.senado.leg.br/diarios/BuscaPaginasDiario?codDiario=108930&download=true	pdf
FLA-013	https://www.planalto.gov.br/ccivil_03/constituicao/emendas/emc/emc114.htm	html
FLA-014	https://www25.senado.leg.br/web/atividade/materias/-/materia/146109	html
FLA-015	https://www.congressonacional.leg.br/materias/vetos/-/veto/detalhe/14045/1	html
FLA-015	https://legis.senado.leg.br/sdleg-getter/documento?dm=8976100&disposition=inline	pdf
FLA-015	https://legis.senado.leg.br/sdleg-getter/documento?dm=8976024&disposition=inline	pdf
FLA-016	https://legis.senado.leg.br/diarios/BuscaPaginasDiario?codDiario=106810&download=true	pdf
FLA-017	https://www25.senado.leg.br/web/atividade/materias/-/materia/145887	html
FLA-018	https://legis.senado.leg.br/diarios/BuscaPaginasDiario?codDiario=104570&download=true	pdf
FLA-018	https://legis.senado.leg.br/dadosabertos/votacao?codigoParlamentar=5894&dataInicio=2020-08-13&dataFim=2020-08-13	html
FLA-019	https://legis.senado.leg.br/diarios/BuscaPaginasDiario?codDiario=103724&download=true	pdf
FLA-020	https://legis.senado.leg.br/diarios/BuscaPaginasDiario?codDiario=103785&download=true	pdf
FLA-021	https://legis.senado.leg.br/diarios/BuscaPaginasDiario?codDiario=104791&download=true	pdf
FLA-022	https://legis.senado.leg.br/diarios/BuscaPaginasDiario?codDiario=104830&download=true	pdf
FLA-023	https://legis.senado.leg.br/diarios/BuscaPaginasDiario?codDiario=106611&download=true	pdf
FLA-024	https://legis.senado.leg.br/diarios/BuscaPaginasDiario?codDiario=107610&download=true	pdf
FLA-025	https://legis.senado.leg.br/diarios/BuscaPaginasDiario?codDiario=107950&download=true	pdf
FLA-026	https://legis.senado.leg.br/diarios/BuscaPaginasDiario?codDiario=110231&download=true	pdf
FLA-027	https://legis.senado.leg.br/dadosabertos/votacao?codigoMateria=141349	html
FLA-028	https://legis.senado.leg.br/dadosabertos/votacao?codigoMateria=151159	html
FLA-029	https://www25.senado.leg.br/web/atividade/materias/-/materia/159365	html
FLA-029	https://www25.senado.leg.br/web/atividade/materias/-/materia/159365/votacoes	html
FLA-029	https://legis.senado.leg.br/dadosabertos/materia/emendas/159365	html
FLA-030	http://legis.senado.leg.br/sdleg-getter/documento?dm=9487384	pdf
FLA-031	https://legis.senado.leg.br/diarios/BuscaPaginasDiario?codDiario=113913&download=true	pdf
FLA-032	https://www25.senado.leg.br/web/atividade/materias/-/materia/162808	html
FLA-033	https://www25.senado.leg.br/web/atividade/materias/-/materia/153194	html
FLA-034	https://www25.senado.leg.br/web/atividade/materias/-/materia/172100	html
FLA-035	https://www25.senado.leg.br/web/atividade/materias/-/materia/166889/votacoes	html
FLA-035	https://legis.senado.leg.br/diarios/BuscaPaginasDiario?codDiario=118916&download=true	pdf
FLA-036	https://legis.senado.leg.br/diarios/BuscaPaginasDiario?codDiario=114175&download=true	pdf
FLA-037	https://legis.senado.leg.br/diarios/BuscaPaginasDiario?codDiario=122397&download=true	pdf
FLA-038	https://legis.senado.leg.br/dadosabertos/votacao?codigoParlamentar=5894&dataInicio=2019-02-01&dataFim=2026-09-30	html
FLA-038	https://legis.senado.leg.br/dadosabertos/senador/5894/votacoes	html
FLA-039	https://legis.senado.leg.br/dadosabertos/processo?codigoParlamentarAutor=5894&termo=educa%C3%A7%C3%A3o	html
FLA-039	https://legis.senado.leg.br/dadosabertos/senador/5894/autorias	html
FLA-039	https://www25.senado.leg.br/web/atividade/materias/-/materia/136251	html
FLA-039	https://www25.senado.leg.br/web/atividade/materias/-/materia/139392	html
FLA-039	https://www25.senado.leg.br/web/atividade/materias/-/materia/168631	html
FLA-040	https://legis.senado.leg.br/diarios/BuscaPaginasDiario?codDiario=109572&download=true	pdf
FLA-040	https://legis.senado.leg.br/dadosabertos/votacao?codigoMateria=139285	html
FLA-E01	https://portaldatransparencia.gov.br/emendas/consulta?de=2019&ate=2026&autor=FLAVIO%20BOLSONARO&funcao=12	html
FLA-E01	https://portaldatransparencia.gov.br/download-de-dados/emendas-parlamentares/UNICO	csv
