RES-001	https://www.gov.br/inep/pt-br/centrais-de-conteudo/noticias/ideb/ideb-avanca-em-todas-as-etapas-da-educacao-basica	html
RES-001	https://download.inep.gov.br/ideb/resultados_flyer_2026.pdf	pdf
RES-002	https://www.gov.br/inep/pt-br/areas-de-atuacao/pesquisas-estatisticas-e-indicadores/ideb/resultados/2005-2025	html
RES-002	https://download.inep.gov.br/ideb/resultados/nota_informativa_ideb_2025.pdf	pdf
RES-002	https://download.inep.gov.br/ideb/resultados/divulgacao_brasil_ideb_2025.zip	xlsx
RES-002	https://download.inep.gov.br/ideb/resultados/divulgacao_regioes_ufs_ideb_2025.zip	xlsx
RES-003	https://www.gov.br/inep/pt-br/areas-de-atuacao/pesquisas-estatisticas-e-indicadores/ideb/outros-documentos	html
RES-003	https://download.inep.gov.br/ideb/nota_informativa_ideb_2023.pdf	pdf
RES-003	https://download.inep.gov.br/educacao_basica/portal_ideb/planilhas_para_download/2021/nota_informativa_ideb_2021.pdf	pdf
RES-003	http://download.inep.gov.br/educacao_basica/portal_ideb/o_que_e_o_ideb/nota_informativa_ideb2017_atualizado_Jun_2019.pdf	pdf
RES-003	http://download.inep.gov.br/educacao_basica/portal_ideb/o_que_e_o_ideb/Nota_Informativa_Ideb_2017.pdf	pdf
RES-003	http://download.inep.gov.br/educacao_basica/portal_ideb/o_que_e_o_ideb/Nota_Tecnica_n1_concepcaoIDEB.pdf	pdf
RES-003	http://download.inep.gov.br/educacao_basica/portal_ideb/o_que_sao_as_metas/Nota_Tecnica_n2_metas_intermediarias_IDEB.pdf	pdf
RES-003	https://download.inep.gov.br/publicacoes/institucionais/estatisticas_e_indicadores/resultados_indice_desenvolvimento_educacao_basica_2019_resumo_tecnico.pdf	pdf
RES-004	https://www.gov.br/inep/pt-br/centrais-de-conteudo/noticias/saeb/inep-divulga-os-resultados-finais-do-saeb-2025	html
RES-005	https://download.inep.gov.br/saeb/resultados/saeb_2025_brasil_estados_municipios_censitario.xlsx	xlsx
RES-005	https://download.inep.gov.br/saeb/resultados/planilha_de_resultados_2023.rar	xlsx
RES-005	https://download.inep.gov.br/saeb/nota_tecnica_base_amostral_saeb2023.pdf	pdf
RES-005	https://download.inep.gov.br/saeb/resultados/relatorio-saeb_volume_1_2023.pdf	pdf
RES-005	https://download.inep.gov.br/saeb/outros_documentos/nota_explicativa_saeb_2021.pdf	pdf
RES-005	https://download.inep.gov.br/saeb/resultados/saeb_2021_brasil_estados_municipios.xlsx	xlsx
RES-005	https://download.inep.gov.br/saeb/resultados/saeb_2021_brasil_estados_municipios_c_tx_alfabetizado.xlsx	xlsx
RES-005	https://download.inep.gov.br/educacao_basica/saeb/2021/resultados/relatorio_de_resultados_do_saeb_2021_volume_1.pdf	pdf
RES-005	https://download.inep.gov.br/saeb/resultados/apresentacao_saeb_2021.pdf	pdf
RES-005	https://download.inep.gov.br/educacao_basica/saeb/2019/resultados/Resultados_Saeb_2019_Brasil_Estados_Municipios.xlsx	xlsx
RES-005	https://download.inep.gov.br/educacao_basica/saeb/2019/resultados/relatorio_de_resultados_do_saeb_2019_volume_1.pdf	pdf
RES-005	https://download.inep.gov.br/educacao_basica/saeb/2019/resultados/relatorio_de_resultados_do_saeb_2019_volume_2.pdf	pdf
RES-005	https://download.inep.gov.br/educacao_basica/saeb/2019/resultados/Resultados_Saeb_2017_Brasil_Estados_Municipios.zip	xlsx
RES-005	https://download.inep.gov.br/publicacoes/institucionais/avaliacoes_e_exames_da_educacao_basica/relatorio_saeb_2017.pdf	pdf
RES-006	https://download.inep.gov.br/acoes_internacionais/pisa/resultados/2025/resultados_pisa_2025.pdf	pdf
RES-006	https://www.oecd.org/en/publications/pisa-2025-results-volume-i-country-notes_2d4ff9ea-en/brazil_d65ba095-en.html	html
RES-006	https://download.inep.gov.br/acoes_internacionais/pisa/resultados/2022/pisa_2022_brazil_prt.pdf	pdf
RES-006	https://download.inep.gov.br/acoes_internacionais/pisa/resultados/2022/apresentacao_pisa_2022_brazil.pdf	pdf
RES-006	https://www.oecd.org/content/dam/oecd/en/publications/reports/2023/11/pisa-2022-results-volume-i-and-ii-country-notes_2fca04b9/brazil_764ee0aa/61690648-en.pdf	pdf
RES-006	https://download.inep.gov.br/publicacoes/institucionais/avaliacoes_e_exames_da_educacao_basica/relatorio_brasil_no_pisa_2018.pdf	pdf
RES-006	https://download.inep.gov.br/acoes_internacionais/pisa/resultados/2018/pisa_2018_brazil_prt.pdf	pdf
RES-006	https://www.oecd.org/pisa/publications/PISA2018_CN_BRA.pdf	pdf
RES-007	https://gpseducation.oecd.org/CountryProfile?primaryCountry=BRA&treshold=10&topic=PI	html
RES-008	https://www.gov.br/inep/pt-br/centrais-de-conteudo/noticias/avaliacao-da-alfabetizacao/inep-lanca-publicacao-que-detalha-a-construcao-do-indicador-crianca-alfabetizada-ica-e-os-desafios-da-educacao-basica-no-pais	html
RES-008	https://download.inep.gov.br/publicacoes/diversas/temas_da_educacao_basica/indicador_crianca_alfabetizada_a_construcao_do_indicador_sua_apuracao_e_repercussoes_nos_territorios.pdf	pdf
RES-009	https://download.inep.gov.br/avaliacao_da_alfabetizacao/resultados/resultados_e_metas_ufs_2025_v1.xlsx	xlsx
RES-009	https://download.inep.gov.br/avaliacao_da_alfabetizacao/resultados/brasil_2025.pdf	pdf
RES-009	https://download.inep.gov.br/alfabetiza_brasil/resultados_e_metas_ufs_2024_2.xlsx	xlsx
RES-009	https://download.inep.gov.br/alfabetiza_brasil/brasil_2024_2.pdf	pdf
RES-009	https://download.inep.gov.br/avaliacao_da_alfabetizacao/resultados_e_metas_ufs.xlsx	xlsx
RES-009	https://download.inep.gov.br/avaliacao_da_alfabetizacao/brasil.pdf	pdf
RES-010	https://www.gov.br/inep/pt-br/centrais-de-conteudo/noticias/censo-escolar/conheca-o-perfil-dos-46-milhoes-de-estudantes-da-educacao-basica-no-dia-do-estudante	html
RES-011	https://download.inep.gov.br/publicacoes/institucionais/estatisticas_e_indicadores/resumo_tecnico_censo_da_educacao_basica_2025.pdf	pdf
RES-011	https://download.inep.gov.br/publicacoes/institucionais/estatisticas_e_indicadores/notas_estatisticas_censo_escolar_da_educacao_basica_2025.pdf	pdf
RES-011	https://download.inep.gov.br/censo_escolar/resultados/2025/apresentacao_coletiva.pdf	pdf
RES-011	https://download.inep.gov.br/publicacoes/institucionais/estatisticas_e_indicadores/resumo_tecnico_censo_escolar_2022.pdf	pdf
RES-011	https://download.inep.gov.br/areas_de_atuacao/nota_informativa_censo_escolar_2022.pdf	pdf
RES-011	https://download.inep.gov.br/educacao_basica/censo_escolar/resumos_tecnicos/resumo_tecnico_censo_educacao_basica_2018.pdf	pdf
RES-011	https://download.inep.gov.br/educacao_basica/censo_escolar/notas_estatisticas/2018/notas_estatisticas_censo_escolar_2018.pdf	pdf
RES-011	https://download.inep.gov.br/dados_abertos/sinopses_estatisticas/sinopse_estatistica_censo_escolar_2025.zip	xlsx
RES-011	https://download.inep.gov.br/dados_abertos/sinopses_estatisticas/sinopse_estatistica_censo_escolar_2024.zip	xlsx
RES-011	https://download.inep.gov.br/dados_abertos/sinopses_estatisticas/sinopse_estatistica_censo_escolar_2023.zip	xlsx
RES-011	https://download.inep.gov.br/dados_abertos/sinopses_estatisticas/sinopses_estatisticas_censo_escolar_2022.zip	xlsx
RES-011	https://download.inep.gov.br/dados_abertos/sinopses_estatisticas/sinopses_estatisticas_censo_escolar_2021.zip	xlsx
RES-011	https://download.inep.gov.br/dados_abertos/sinopses_estatisticas/sinopses_estatisticas_censo_escolar_2020.zip	xlsx
RES-011	https://download.inep.gov.br/informacoes_estatisticas/sinopses_estatisticas/sinopses_educacao_basica/sinopse_estatistica_educacao_basica_2019.zip	xlsx
RES-011	https://download.inep.gov.br/informacoes_estatisticas/sinopses_estatisticas/sinopses_educacao_basica/sinopse_estatistica_da_educacao_basica_2018.zip	xlsx
RES-011	https://download.inep.gov.br/informacoes_estatisticas/sinopses_estatisticas/sinopses_educacao_basica/sinopse_estatistica_da_educacao_basica_2017.zip	xlsx
RES-012	https://download.inep.gov.br/educacao_superior/censo_superior/documentos/2024/tabelas_de_divulgacao_censo_da_educacao_superior_2024.xls	xlsx
RES-012	https://download.inep.gov.br/publicacoes/institucionais/avaliacoes_e_exames_da_educacao_superior/resumo_tecnico_do_censo_da_educacao_superior_2024.pdf	pdf
RES-012	https://download.inep.gov.br/publicacoes/institucionais/estatisticas_e_indicadores/notas_estatisticas_censo_escolar_da_educacao_superior_2024.pdf	pdf
RES-012	https://download.inep.gov.br/educacao_superior/censo_superior/documentos/2024/apresentacao_censo_da_educacao_superior_2024.pdf	pdf
RES-012	https://download.inep.gov.br/publicacoes/institucionais/estatisticas_e_indicadores/resumo_tecnico_censo_da_educacao_superior_2018.pdf	pdf
RES-012	https://download.inep.gov.br/educacao_superior/censo_superior/documentos/2019/censo_da_educacao_superior_2018-notas_estatisticas.pdf	pdf
RES-012	https://download.inep.gov.br/informacoes_estatisticas/sinopses_estatisticas/sinopses_educacao_superior/sinopse_educacao_superior_2017.zip	xlsx
RES-012	https://download.inep.gov.br/informacoes_estatisticas/sinopses_estatisticas/sinopses_educacao_superior/sinopse_educacao_superior_2018.zip	xlsx
RES-012	https://download.inep.gov.br/informacoes_estatisticas/sinopses_estatisticas/sinopses_educacao_superior/sinopse_educacao_superior_2019.zip	xlsx
RES-012	https://download.inep.gov.br/informacoes_estatisticas/sinopses_estatisticas/sinopses_educacao_superior/sinopse_educacao_superior_2020.zip	xlsx
RES-012	https://download.inep.gov.br/informacoes_estatisticas/sinopses_estatisticas/sinopses_educacao_superior/sinopse_educacao_superior_2021.zip	xlsx
RES-012	https://download.inep.gov.br/informacoes_estatisticas/sinopses_estatisticas/sinopses_educacao_superior/sinopse_educacao_superior_2022.zip	xlsx
RES-012	https://download.inep.gov.br/informacoes_estatisticas/sinopses_estatisticas/sinopses_educacao_superior/sinopse_educacao_superior_2023.zip	xlsx
RES-012	https://download.inep.gov.br/informacoes_estatisticas/sinopses_estatisticas/sinopses_educacao_superior/sinopse_educacao_superior_2024.zip	xlsx
RES-013	https://download.inep.gov.br/informacoes_estatisticas/indicadores_educacionais/2017/TAXA_REND_2017_BRASIL_REGIOES_UFS.zip	xlsx
RES-013	https://download.inep.gov.br/informacoes_estatisticas/indicadores_educacionais/2018/TX_REND_BRASIL_REGIOES_UFS_2018.zip	xlsx
RES-013	https://download.inep.gov.br/informacoes_estatisticas/indicadores_educacionais/2019/tx_rend_brasil_regioes_ufs_2019.zip	xlsx
RES-013	https://download.inep.gov.br/informacoes_estatisticas/indicadores_educacionais/2020/tx_rend_brasil_regioes_ufs_2020.zip	xlsx
RES-013	https://download.inep.gov.br/informacoes_estatisticas/indicadores_educacionais/2021/tx_rend_brasil_regioes_ufs_2021.zip	xlsx
RES-013	https://download.inep.gov.br/informacoes_estatisticas/indicadores_educacionais/2022/tx_rend_brasil_regioes_ufs_2022.zip	xlsx
RES-013	https://download.inep.gov.br/informacoes_estatisticas/indicadores_educacionais/2023/tx_rend_brasil_regioes_ufs_2023.zip	xlsx
RES-013	https://download.inep.gov.br/informacoes_estatisticas/indicadores_educacionais/2024/tx_rend_brasil_regioes_ufs_2024.zip	xlsx
RES-013	https://download.inep.gov.br/informacoes_estatisticas/indicadores_educacionais/2025/tx_rend_brasil_regioes_ufs_2025.zip	xlsx
RES-014	https://download.inep.gov.br/informacoes_estatisticas/indicadores_educacionais/taxa_transicao/tx_transicao_brasil_regioes_ufs_2017_2018.zip	xlsx
RES-014	https://download.inep.gov.br/informacoes_estatisticas/indicadores_educacionais/taxa_transicao/tx_transicao_brasil_regioes_ufs_2018_2019.zip	xlsx
RES-014	https://download.inep.gov.br/informacoes_estatisticas/indicadores_educacionais/taxa_transicao/tx_transicao_brasil_regioes_ufs_2019_2020.zip	xlsx
RES-014	https://download.inep.gov.br/informacoes_estatisticas/indicadores_educacionais/taxa_transicao/tx_transicao_brasil_regioes_ufs_2020_2021.zip	xlsx
RES-014	https://download.inep.gov.br/informacoes_estatisticas/indicadores_educacionais/taxa_transicao/tx_transicao_brasil_regioes_ufs_2021_2022.zip	xlsx
RES-015	https://apisidra.ibge.gov.br/values/t/7113/n1/all/v/10267/p/all/c2/6794/c58/2795	html
RES-015	https://sidra.ibge.gov.br/tabela/7113	html
RES-016	https://dadosabertos.capes.gov.br/dataset/47010291-1471-4d3a-a19e-e2d3c61c100b/resource/cbdf2892-3369-44de-bd2b-d3b1bd595275/download/dados_concessao_dpb_2017.xlsx	xlsx
RES-016	https://dadosabertos.capes.gov.br/dataset/47010291-1471-4d3a-a19e-e2d3c61c100b/resource/6a4ac3f1-0cff-4f0d-8a58-87a46d32a43c/download/dados_concessao_dpb_2018.xlsx	xlsx
RES-016	https://dadosabertos.capes.gov.br/dataset/47010291-1471-4d3a-a19e-e2d3c61c100b/resource/e5d00e80-ea48-492d-966d-03a0f2c0d300/download/dados_concessao_dpb_2019.xlsx	xlsx
RES-016	https://dadosabertos.capes.gov.br/dataset/47010291-1471-4d3a-a19e-e2d3c61c100b/resource/aba7aed2-b30a-4d4a-ab47-9893b717bb83/download/dados_concessao_dpb_2020.xlsx	xlsx
RES-016	https://dadosabertos.capes.gov.br/dataset/47010291-1471-4d3a-a19e-e2d3c61c100b/resource/39acd1ca-144b-45ac-bb75-6eab3a3a6ea2/download/dados_concessao_dpb_2021.xlsx	xlsx
RES-016	https://dadosabertos.capes.gov.br/dataset/47010291-1471-4d3a-a19e-e2d3c61c100b/resource/b56bee76-79b1-4cf3-878d-931888d7aee7/download/metadados_concessao_bolsas_ies_2017_2020.pdf	pdf
RES-016	https://dadosabertos.capes.gov.br/dataset/5746bb2c-0e27-4667-9896-972aaa6dc466/resource/f13a0d02-a40a-49f5-8886-c737386623e0/download/br-capes-concessao-bolsas-ies-2022-2023-03-01.xlsx	xlsx
RES-016	https://dadosabertos.capes.gov.br/dataset/5746bb2c-0e27-4667-9896-972aaa6dc466/resource/78f1a476-3151-48a5-a581-6c11fe6e76b4/download/br-capes-concessao-bolsas-ies-2023-2025-06-01.xlsx	xlsx
RES-016	https://dadosabertos.capes.gov.br/dataset/5746bb2c-0e27-4667-9896-972aaa6dc466/resource/1b36b5fb-2c74-49ca-886e-cf8c8bced2f8/download/br-capes-concessao-bolsas-ies-2024-2025-06-01.xlsx	xlsx
RES-016	https://dadosabertos.capes.gov.br/dataset/5746bb2c-0e27-4667-9896-972aaa6dc466/resource/96444b3f-0597-44f7-b759-f8ff7a6514e6/download/br-capes-concessao-bolsas-ies-2025-2026-04-01.xlsx	xlsx
RES-016	https://dadosabertos.capes.gov.br/dataset/5746bb2c-0e27-4667-9896-972aaa6dc466/resource/302d4ae6-c5ac-4af7-8b6f-210cf498e456/download/metadados_concessao_bolsas_ies_2022a2025.pdf	pdf
RES-017	https://dadosabertos.capes.gov.br/dataset/b7003093-4fab-4b88-b0fa-b7d8df0bcb77/resource/e9f13006-d0d3-4869-9790-1a8f5d31cf0c/download/br-capes-colsucup-discentes-2017-2023-12-01.csv	csv
RES-017	https://dadosabertos.capes.gov.br/dataset/b7003093-4fab-4b88-b0fa-b7d8df0bcb77/resource/84290e6a-0a56-4372-aec7-7a188ff01e27/download/br-capes-colsucup-discentes-2018-2023-12-01.csv	csv
RES-017	https://dadosabertos.capes.gov.br/dataset/b7003093-4fab-4b88-b0fa-b7d8df0bcb77/resource/967f83b7-3997-4cfc-8273-b9aeb8fdb9e2/download/br-capes-colsucup-discentes-2019-2023-12-01.csv	csv
RES-017	https://dadosabertos.capes.gov.br/dataset/b7003093-4fab-4b88-b0fa-b7d8df0bcb77/resource/4e30fa75-42a2-428a-bd98-0949deb3c562/download/br-capes-colsucup-discentes-2020-2023-12-01.csv	csv
RES-017	https://dadosabertos.capes.gov.br/dataset/b7003093-4fab-4b88-b0fa-b7d8df0bcb77/resource/d3d4b3df-d935-4392-ae00-b00ebcca2407/download/metadados_discentes_2017a2020.pdf	pdf
RES-017	https://dadosabertos.capes.gov.br/dataset/c6bd4dca-a0fb-499a-9f7f-df0740563333/resource/fda8010e-d5db-4f00-a159-7940b3197d50/download/br-capes-colsucup-discentes-2021-2025-03-31.csv	csv
RES-017	https://dadosabertos.capes.gov.br/dataset/c6bd4dca-a0fb-499a-9f7f-df0740563333/resource/a633b62f-bff1-479e-b546-9d961151bf59/download/br-capes-colsucup-discentes-2022-2025-03-31.csv	csv
RES-017	https://dadosabertos.capes.gov.br/dataset/c6bd4dca-a0fb-499a-9f7f-df0740563333/resource/9834def9-859e-4f6f-b41e-dd84829e585f/download/br-capes-colsucup-discentes-2023-2025-03-31.csv	csv
RES-017	https://dadosabertos.capes.gov.br/dataset/c6bd4dca-a0fb-499a-9f7f-df0740563333/resource/8afca354-18d5-4b6c-9158-2695fb26ad86/download/br-capes-colsucup-discentes-2024-2025-12-01.csv	csv
RES-017	https://dadosabertos.capes.gov.br/dataset/c6bd4dca-a0fb-499a-9f7f-df0740563333/resource/70633e5c-5294-4cd4-abea-79341c63e406/download/metadados_discentes_pos_graduacao_2021_2024.pdf	pdf
RES-018	https://www.gov.br/cnpq/pt-br/acesso-a-informacao/auditorias/copy_of_RG2025vfinal31032026semlogo.pdf	pdf
RES-021	https://www.gov.br/cnpq/pt-br/acesso-a-informacao/planejamento-e-governanca/RelatriodeGesto2024CNPq.pdf	pdf
RES-018	https://www.gov.br/cnpq/pt-br/acesso-a-informacao/auditorias/RG2023v3pubNaoDiagramado.pdf	pdf
RES-019	https://www.gov.br/cnpq/pt-br/acesso-a-informacao/auditorias/RELATORIOGESTAOvACS20230428.pdf	pdf
RES-018	https://www.gov.br/cnpq/pt-br/acesso-a-informacao/auditorias/Relatorio_de_Gestao_CNPq_2021_v2_COCOM.pdf	pdf
RES-018	https://www.gov.br/cnpq/pt-br/acesso-a-informacao/auditorias/copy_of_Relatorio_de_Gestao_CNPq_2020.pdf	pdf
RES-021	https://www.gov.br/cnpq/pt-br/acesso-a-informacao/auditorias/copy_of_RelatriodeGestode2019.pdf	pdf
RES-018	https://www.gov.br/cnpq/pt-br/acesso-a-informacao/auditorias/RelatorioGestao2018_v31.pdf	pdf
RES-020	http://bi.cnpq.br/painel/mapa-fomento-cti	html
RES-020	http://bi.cnpq.br/painel/v2/p-fomento-cti.html	html
RES-022	https://pt.wikipedia.org/wiki/%C3%8Dndice_de_Desenvolvimento_da_Educa%C3%A7%C3%A3o_B%C3%A1sica	html
RES-023	https://download.inep.gov.br/ideb/resultados/apresentacao_ideb_2021.pdf	pdf
RES-023	https://download.inep.gov.br/educacao_basica/portal_ideb/documentos/2020/Apresentacao_Coletiva_Imprensa_Saeb_2019.pdf	pdf
RES-023	https://download.inep.gov.br/educacao_basica/portal_ideb/planilhas_para_download/2017/IDEB2017_APRESENTACAO_final.pdf	pdf
RES-023	https://download.inep.gov.br/censo_escolar/resultados/2022/apresentacao_coletiva.pdf	pdf
RES-023	https://download.inep.gov.br/censo_escolar/resultados/2021/apresentacao_coletiva.pdf	pdf
RES-023	https://download.inep.gov.br/censo_escolar/resultados/2020/apresentacao_coletiva.pdf	pdf
RES-023	https://download.inep.gov.br/educacao_superior/censo_superior/documentos/2022/apresentacao_censo_da_educacao_superior_2022.pdf	pdf
RES-023	https://download.inep.gov.br/educacao_superior/censo_superior/documentos/2021/apresentacao_censo_da_educacao_superior_2021.pdf	pdf
RES-023	https://download.inep.gov.br/educacao_superior/censo_superior/documentos/2020/tabelas_de_divulgacao_censo_da_educacao_superior_2020.pdf	pdf
RES-023	https://download.inep.gov.br/educacao_superior/censo_superior/documentos/2020/Apresentacao_Censo_da_Educacao_Superior_2019.pdf	pdf
