GES-001	https://legis.senado.leg.br/dadosabertos/senador/6336/mandatos	xml
GES-002	https://www.planalto.gov.br/ccivil_03/_ato2023-2026/2026/lei/l15437.htm	html
GES-003	https://www.gov.br/inep/pt-br/centrais-de-conteudo/noticias/acoes-internacionais/education-at-a-glance-2026-reune-dados-sobre-escolaridade-e-investimento-em-educacao	html
GES-004	https://en.wikipedia.org/wiki/Ministry_of_Education_(Brazil)	html
GES-005	https://www.gov.br/inep/pt-br/acesso-a-informacao/institucional/ex-presidentes	html
GES-006	https://www.gov.br/inep/pt-br/acesso-a-informacao/institucional/quem-e-quem	html
GES-007	https://www.gov.br/inep/pt-br/acesso-a-informacao/agenda-de-autoridades/presidencia/agenda-da-presidencia/2022-11-24	html
GES-008	https://www.gov.br/fnde/pt-br/acesso-a-informacao/institucional/biografia/presidentes	html
GES-009	https://www.gov.br/cnpq/pt-br/composicao/comissao-de-integridade/IN16_2026.pdf	pdf
GES-010	https://pt.wikipedia.org/wiki/Conselho_Nacional_de_Desenvolvimento_Cient%C3%ADfico_e_Tecnol%C3%B3gico	html
GES-011	https://pesquisa.apps.tcu.gov.br/rest/publico/base/acordao-completo/documento?termo=KEY%3AACORDAO-COMPLETO-2611190&ordenacao=DTRELEVANCIA%20desc&quantidade=1&inicio=0	json
GES-012	https://pesquisa.apps.tcu.gov.br/rest/publico/base/acordao-completo/documento?termo=KEY%3AACORDAO-COMPLETO-2566127&ordenacao=DTRELEVANCIA%20desc&quantidade=1&inicio=0	json
GES-013	https://pesquisa.apps.tcu.gov.br/rest/publico/base/acordao-completo/documento?termo=KEY%3AACORDAO-COMPLETO-2596797&ordenacao=DTRELEVANCIA%20desc&quantidade=1&inicio=0	json
GES-014	https://pesquisa.apps.tcu.gov.br/rest/publico/base/acordao-completo/documento?termo=KEY%3AACORDAO-COMPLETO-2732474&ordenacao=DTRELEVANCIA%20desc&quantidade=1&inicio=0	json
GES-015	https://pesquisa.apps.tcu.gov.br/rest/publico/base/acordao-completo/documento?termo=KEY%3AACORDAO-COMPLETO-2536006&ordenacao=DTRELEVANCIA%20desc&quantidade=1&inicio=0	json
GES-016	https://pesquisa.apps.tcu.gov.br/rest/publico/base/acordao-completo/documento?termo=KEY%3AACORDAO-COMPLETO-2697158&ordenacao=DTRELEVANCIA%20desc&quantidade=1&inicio=0	json
GES-017	https://pesquisa.apps.tcu.gov.br/rest/publico/base/acordao-completo/documento?termo=KEY%3AACORDAO-COMPLETO-2736844&ordenacao=DTRELEVANCIA%20desc&quantidade=1&inicio=0	json
GES-018	https://pesquisa.apps.tcu.gov.br/rest/publico/base/acordao-completo/documento?termo=KEY%3AACORDAO-COMPLETO-2731658&ordenacao=DTRELEVANCIA%20desc&quantidade=1&inicio=0	json
GES-019	https://pesquisa.apps.tcu.gov.br/rest/publico/base/acordao-completo/documento?termo=KEY%3AACORDAO-COMPLETO-2763994&ordenacao=DTRELEVANCIA%20desc&quantidade=1&inicio=0	json
GES-020	https://portal.tcu.gov.br/imprensa/noticias/sistemas-informatizados-da-politica-nacional-de-educacao-passam-por-auditoria	html
GES-021	https://pesquisa.apps.tcu.gov.br/rest/publico/base/acordao-completo/documento?termo=KEY%3AACORDAO-COMPLETO-2772267&ordenacao=DTRELEVANCIA%20desc&quantidade=1&inicio=0	json
GES-022	https://pesquisa.apps.tcu.gov.br/rest/publico/base/acordao-completo/documento?termo=KEY%3AACORDAO-COMPLETO-2697418&ordenacao=DTRELEVANCIA%20desc&quantidade=1&inicio=0	json
GES-023	https://www.gov.br/inep/pt-br/acesso-a-informacao/dados-abertos/sinopses-estatisticas/enem	html
GES-024	https://www.gov.br/inep/pt-br/areas-de-atuacao/avaliacao-e-exames-educacionais/enem/historico	html
GES-025	https://www.planalto.gov.br/ccivil_03/_ato2019-2022/2019/mpv/mpv914.htm	html
GES-026	https://www.planalto.gov.br/ccivil_03/_ato2019-2022/2020/mpv/mpv979.htm	html
GES-027	https://www.planalto.gov.br/ccivil_03/_ato2023-2026/2026/lei/L15367.htm	html
GES-028	https://www.andifes.org.br/2026/08/13/joao-carlos-salles-da-ufba-e-o-primeiro-reitor-nomeado-apos-o-fim-da-lista-triplice/	html
GES-029	https://www.planalto.gov.br/ccivil_03/_ato2023-2026/2026/mpv/mpv1334.htm	html
GES-030	https://www.planalto.gov.br/ccivil_03/_ato2023-2026/2026/Exm/Exm-MP-1334-26.pdf	pdf
GES-031	https://www.planalto.gov.br/ccivil_03/_ato2023-2026/2023/Exm/Exm-1170-23.pdf	pdf
GES-032	https://www.planalto.gov.br/ccivil_03/_ato2023-2026/2023/lei/L14673.htm	html
GES-033	https://www.planalto.gov.br/ccivil_03/_ato2023-2026/2024/mpv/mpv1286.htm	html
GES-034	https://www.planalto.gov.br/ccivil_03/_ato2023-2026/2025/lei/L15141.htm	html
GES-035	https://www.planalto.gov.br/ccivil_03/_ato2015-2018/2016/lei/l13325.htm	html
GES-036	https://www.planalto.gov.br/ccivil_03/_ato2019-2022/2019/decreto/D10185.htm	html
GES-037	https://pesquisa.apps.tcu.gov.br/rest/publico/base/acordao-completo/documento?termo=KEY%3AACORDAO-COMPLETO-2635112&ordenacao=DTRELEVANCIA%20desc&quantidade=1&inicio=0	json
GES-038	https://www.gov.br/fnde/pt-br/acesso-a-informacao/transparencia-e-prestacao-de-contas/relatorio-de-gestao-1/relatorios-de-gestao-anos-anteriores/relatorio-de-gestao-2021/resultados-da-gestao-1/financiamento-da-educacao-basica	html
GES-039	https://www.gov.br/inep/pt-br/centrais-de-conteudo/noticias/enem/enem-faltam-60-dias-para-a-aplicacao-da-prova	html
GES-011	https://pesquisa.apps.tcu.gov.br/rest/publico/base/acordao-completo/documentosResumidos?termo=Ac%C3%B3rd%C3%A3o%202195%2F2022%20Inep&quantidade=5&inicio=0	json
GES-012	https://pesquisa.apps.tcu.gov.br/rest/publico/base/acordao-completo/documentosResumidos?termo=Ac%C3%B3rd%C3%A3o%20365%2F2023%20Inep%20Enem&quantidade=5&inicio=0	json
GES-015	https://pesquisa.apps.tcu.gov.br/rest/publico/base/acordao-completo/documento?termo=KEY%3AACORDAO-COMPLETO-2533315&ordenacao=DTRELEVANCIA%20desc&quantidade=1&inicio=0	json
GES-016	https://pesquisa.apps.tcu.gov.br/rest/publico/base/acordao-completo/documento?termo=KEY%3AACORDAO-COMPLETO-2699850&ordenacao=DTRELEVANCIA%20desc&quantidade=1&inicio=0	json
GES-016	https://pesquisa.apps.tcu.gov.br/rest/publico/base/acordao-completo/documento?termo=KEY%3AACORDAO-COMPLETO-2710827&ordenacao=DTRELEVANCIA%20desc&quantidade=1&inicio=0	json
GES-017	https://pesquisa.apps.tcu.gov.br/rest/publico/base/acordao-completo/documento?termo=KEY%3AACORDAO-COMPLETO-2742411&ordenacao=DTRELEVANCIA%20desc&quantidade=1&inicio=0	json
GES-018	https://pesquisa.apps.tcu.gov.br/rest/publico/base/acordao-completo/documento?termo=KEY%3AACORDAO-COMPLETO-2767581&ordenacao=DTRELEVANCIA%20desc&quantidade=1&inicio=0	json
GES-018	https://pesquisa.apps.tcu.gov.br/rest/publico/base/acordao-completo/documento?termo=KEY%3AACORDAO-COMPLETO-2725962&ordenacao=DTRELEVANCIA%20desc&quantidade=1&inicio=0	json
GES-020	https://pesquisa.apps.tcu.gov.br/rest/publico/base/acordao-completo/documento?termo=KEY%3AACORDAO-COMPLETO-2769430&ordenacao=DTRELEVANCIA%20desc&quantidade=1&inicio=0	json
GES-023	https://download.inep.gov.br/informacoes_estatisticas/sinopses_estatisticas/sinopses_enem/2019/Sinopse_ENEM2019.zip	zip
GES-023	https://download.inep.gov.br/informacoes_estatisticas/sinopses_estatisticas/sinopses_enem/2020/Sinopse_Enem2020.zip	zip
GES-023	https://download.inep.gov.br/informacoes_estatisticas/sinopses_estatisticas/sinopses_enem/2021/sinopse_enem_2021.zip	zip
GES-023	https://download.inep.gov.br/informacoes_estatisticas/sinopses_estatisticas/sinopses_enem/2022/sinopse_enem_2022.zip	zip
GES-023	https://download.inep.gov.br/informacoes_estatisticas/sinopses_estatisticas/sinopses_enem/2023/sinopse_enem_2023.zip	zip
GES-023	https://download.inep.gov.br/informacoes_estatisticas/sinopses_estatisticas/sinopses_enem/2024/sinopse_enem_2024.zip	zip
GES-023	https://download.inep.gov.br/informacoes_estatisticas/sinopses_estatisticas/sinopses_enem/2025/sinopse_enem_2025.zip	zip
GES-029	https://www.camara.leg.br/proposicoesWeb/prop_mostrarintegra?codteor=3132695	pdf
GES-029	http://legis.senado.leg.br/sdleg-getter/documento?dm=10147923	pdf
GES-029	http://legis.senado.leg.br/sdleg-getter/documento?dm=10225629	pdf
GES-029	http://legis.senado.leg.br/sdleg-getter/documento?dm=10225748	pdf
GES-029	https://www.congressonacional.leg.br/materias/medidas-provisorias/-/mpv/172373	html
GES-031	https://www.planalto.gov.br/ccivil_03/_ato2023-2026/2023/Mpv/mpv1170.htm	html
GES-033	https://www.planalto.gov.br/ccivil_03/_ato2023-2026/2024/Exm/Exm-1286-24.pdf	pdf
GES-033	https://www.gov.br/gestao/pt-br/assuntos/noticias/2024/maio/governo-assina-acordo-de-reajuste-com-entidade-representante-dos-docentes	html
GES-001	https://legis.senado.leg.br/dadosabertos/senador/lista/atual	xml
GES-006	https://www.gov.br/inep/pt-br/centrais-de-conteudo/noticias/enem/inep-conclui-reunioes-tecnicas-regionais-sobre-saeb-e-enem	html
GES-009	https://www.gov.br/cnpq/pt-br/assuntos/noticias/premios/cnpq-entrega-trofeus-para-vencedoras-do-2o-premio-mulheres-e-ciencia	html
GES-010	https://pt.wikipedia.org/wiki/Coordena%C3%A7%C3%A3o_de_Aperfei%C3%A7oamento_de_Pessoal_de_N%C3%ADvel_Superior	html
GES-028	https://www.andifes.org.br/2026/03/31/momento-historico-para-as-universidades-federais-sancionada-a-lei-que-acaba-com-lista-triplice-na-escolha-de-reitores/	html
GES-004	https://pt.wikipedia.org/wiki/Lista_de_ministros_da_Educa%C3%A7%C3%A3o_do_Brasil	html
