IMP3-001	https://agenciabrasil.ebc.com.br/educacao/noticia/2020-09/brasil-avanca-no-ideb-mas-apenas-ensino-fundamental-cumpre-meta	html
IMP3-002	https://agenciabrasil.ebc.com.br/educacao/noticia/2020-09/ensino-medio-tem-maior-salto-de-qualidade-desde-2005	html
IMP3-003	https://www.poder360.com.br/brasil/educacao-inicial-tem-melhora-mas-anos-finais-nao-alcancam-meta-do-mec/	html
IMP3-004	https://agenciabrasil.ebc.com.br/educacao/noticia/2024-08/ideb-cresce-e-mostra-aumento-da-qualidade-da-educacao-basica	html
IMP3-005	https://www.gazetadopovo.com.br/educacao/ideb-escolas-encerram-2025-sem-atingir-metas-previstas-2021/	html
IMP3-006	https://www.gazetadopovo.com.br/educacao/ideb-melhora-mas-avanco-e-puxado-pela-alta-aprovacao-nas-escolas/	html
IMP3-007	https://www.poder360.com.br/poder-educacao/ideb-registra-melhora-no-ensino-fundamental-e-medio-em-2025/	html
IMP3-008	https://agenciabrasil.ebc.com.br/educacao/noticia/2026-08/ideb-mostra-avanco-da-educacao-basica-no-pais	html
IMP3-009	https://www.poder360.com.br/poder-educacao/nota-em-matematica-no-ensino-medio-ainda-nao-voltou-ao-pre-pandemia/	html
IMP3-010	https://www.poder360.com.br/educacao/brasil-esta-entre-os-17-paises-com-pior-nota-em-matematica-da-ocde/	html
IMP3-011	https://www.poder360.com.br/educacao/resultado-do-pisa-reflete-esforco-coletivo-na-pandemia-diz-camilo/	html
IMP3-012	https://www.cnnbrasil.com.br/educacao/pisa-2025-brasil-esta-abaixo-de-media-mundial-em-aprendizado/	html
IMP3-013	https://www.poder360.com.br/poder-educacao/educacao-no-brasil-avanca-mas-segue-distante-da-media-da-ocde/	html
IMP3-014	https://www.poder360.com.br/poder-educacao/brasil-supera-meta-de-alfabetizacao-de-criancas-em-2025/	html
IMP3-015	https://www.cnnbrasil.com.br/educacao/inep-divulga-microdados-do-indicador-crianca-alfabetizada/	html
IMP3-016	https://www.cnnbrasil.com.br/educacao/brasil-atinge-meta-com-66-das-criancas-alfabetizadas-em-idade-certa/	html
IMP3-017	https://agenciabrasil.ebc.com.br/educacao/noticia/2025-04/taxa-de-alfabetizacao-era-de-493-no-brasil-em-2023-diz-inep	html
IMP3-018	https://www12.senado.leg.br/noticias/materias/2025/11/04/compromisso-nacional-pela-alfabetizacao-na-idade-certa-agora-e-lei	html
IMP3-019	https://www12.senado.leg.br/noticias/materias/2021/12/06/recuperacao-dos-prejuizos-na-educacao-por-conta-da-pandemia-sera-lenta-conclui-debate	html
IMP3-020	https://www.poder360.com.br/educacao/um-em-cada-5-alunos-estuda-em-tempo-integral-diz-censo-escolar/	html
IMP3-021	https://www12.senado.leg.br/noticias/audios/2025/04/dados-do-censo-escolar-sobre-ensino-integral-podem-subsidiar-novo-pne	html
IMP3-022	https://www12.senado.leg.br/noticias/materias/2026/08/18/debate-na-ce-aponta-avanco-de-tempo-integral-e-desafios-para-garantir-qualidade	html
IMP3-023	https://www.poder360.com.br/poder-educacao/brasil-tem-queda-de-1-milhao-de-alunos-na-educacao-basica-diz-censo/	html
IMP3-024	https://agenciabrasil.ebc.com.br/educacao/noticia/2021-01/censo-escolar-2020-aponta-reducao-de-matriculas-no-ensino-basico	html
IMP3-025	https://agenciabrasil.ebc.com.br/educacao/noticia/2020-10/censo-mostra-que-ensino-distancia-ganha-espaco-no-ensino-superior	html
IMP3-026	https://www12.senado.leg.br/noticias/audios/2020/10/cada-vez-mais-alunos-optam-pelo-ensino-a-distancia-no-ensino-superior	html
IMP3-027	https://www12.senado.leg.br/noticias/materias/2024/09/09/pne-especialistas-debatem-evasao-ia-e-autonomia-financeira-para-universidades-publicas	html
IMP3-028	https://www.poder360.com.br/poder-educacao/brasil-tem-maior-numero-de-aluno-por-professor-em-faculdades-privadas/	html
IMP3-029	https://www.poder360.com.br/poder-educacao/ensino-a-distancia-supera-o-presencial-pela-1a-vez-na-graduacao/	html
IMP3-030	https://www.poder360.com.br/poder-educacao/censo-conclusao-da-graduacao-nas-federais-e-maior-entre-cotistas/	html
IMP3-031	https://www12.senado.leg.br/noticias/materias/2020/08/13/senado-aprova-projeto-que-fortalece-fundo-cientifico-e-tecnologico-texto-vai-a-camara	html
IMP3-032	https://www12.senado.leg.br/noticias/materias/2020/08/17/parlamentares-defendem-mobilizacao-por-projeto-que-fortalece-fundo-cientifico	html
IMP3-033	https://www12.senado.leg.br/noticias/materias/2021/03/17/derrubados-vetos-relacionados-a-fundos-de-energia-telecomunicacoes-e-inovacao-tecnologica	html
IMP3-034	https://www12.senado.leg.br/noticias/materias/2023/10/24/senado-aprova-atualizacao-da-lei-de-cotas	html
IMP3-035	https://www12.senado.leg.br/noticias/materias/2023/10/18/projeto-que-reformula-lei-de-cotas-vai-a-plenario	html
IMP3-036	https://www.poder360.com.br/congresso/senado-torna-definitiva-politica-de-cotas-no-ensino-superior/	html
IMP3-037	https://www12.senado.leg.br/noticias/materias/2020/09/17/simbolos-nacionais-representam-a-identidade-de-uma-nacao-diz-consultor	html
IMP3-038	https://www12.senado.leg.br/noticias/materias/2022/01/24/comissao-de-educacao-comeca-o-ano-com-59-projetos-prontos-para-votacao	html
IMP3-039	https://www12.senado.leg.br/noticias/materias/2024/11/26/aumento-de-pena-para-crime-cometido-em-escola-avanca	html
IMP3-040	https://www12.senado.leg.br/noticias/materias/2024/12/10/csp-aprova-obrigacao-de-alarme-conectado-com-a-policia-nas-escolas	html
IMP3-041	https://www12.senado.leg.br/noticias/materias/2025/06/10/avanca-criacao-de-exigencias-para-contratacao-de-funcionarios-de-escolas	html
IMP3-042	https://www.poder360.com.br/poder-governo/lula-diz-que-brasil-nao-precisa-de-escola-civico-militar/	html
IMP3-043	https://www.poder360.com.br/poder-eleicoes-2026/eleicoes-2026-compare-os-planos-de-governo-de-lula-e-flavio/	html
IMP3-NL01	https://agenciabrasil.ebc.com.br/tags/inep?page=22	html
IMP3-NL02	https://agenciabrasil.ebc.com.br/tags/inep?page=27	html
IMP3-NL03	https://agenciabrasil.ebc.com.br/tags/ocde?page=4	html
IMP3-NL04	https://agenciabrasil.ebc.com.br/educacao/noticia/2022-09/em-meio-pandemia-aprendizagem-cai-nas-escolas-do-pais	html
