PRO2-001	https://www.planalto.gov.br/ccivil_03/_ato2019-2022/2019/lei/L13856.htm	html
PRO2-001	https://legis.senado.leg.br/dadosabertos/legislacao/31172709	xml
PRO2-002	https://dadosabertos.camara.leg.br/api/v2/proposicoes?autor=Poder%20Executivo&keywords=Universidade&dataApresentacaoInicio=2019-01-01&itens=100&ordem=DESC&ordenarPor=id	json
PRO2-002	https://dadosabertos.camara.leg.br/api/v2/proposicoes?autor=Poder%20Executivo&keywords=Instituto%20Federal&dataApresentacaoInicio=2019-01-01&itens=100&ordem=DESC&ordenarPor=id	json
PRO2-002	https://dadosabertos.camara.leg.br/api/v2/proposicoes/2642328/autores	json
PRO2-002	https://dadosabertos.camara.leg.br/api/v2/proposicoes/2642329/autores	json
PRO2-002	https://dadosabertos.camara.leg.br/api/v2/proposicoes/2591970/autores	json
PRO2-002	https://dadosabertos.camara.leg.br/api/v2/proposicoes/2591974/autores	json
PRO2-003	https://dadosabertos.camara.leg.br/api/v2/proposicoes/2190325	json
PRO2-003	https://dadosabertos.camara.leg.br/api/v2/proposicoes/2190325/tramitacoes	json
PRO2-003	https://www.camara.leg.br/proposicoesWeb/prop_mostrarintegra?codteor=1703735	pdf
PRO2-004	https://legis.senado.leg.br/dadosabertos/legislacao/lista?tipo=LEI&ano=2019	xml
PRO2-004	https://legis.senado.leg.br/dadosabertos/legislacao/lista?tipo=LEI&ano=2020	xml
PRO2-004	https://legis.senado.leg.br/dadosabertos/legislacao/lista?tipo=LEI&ano=2021	xml
PRO2-004	https://legis.senado.leg.br/dadosabertos/legislacao/lista?tipo=LEI&ano=2022	xml
PRO2-004	https://legis.senado.leg.br/dadosabertos/legislacao/lista?tipo=LEI&ano=2023	xml
PRO2-004	https://legis.senado.leg.br/dadosabertos/legislacao/lista?tipo=LEI&ano=2024	xml
PRO2-004	https://legis.senado.leg.br/dadosabertos/legislacao/lista?tipo=LEI&ano=2025	xml
PRO2-004	https://legis.senado.leg.br/dadosabertos/legislacao/lista?tipo=LEI&ano=2026	xml
PRO2-005	https://www.planalto.gov.br/ccivil_03/_ato2023-2026/2026/lei/L15418.htm	html
PRO2-006	https://www.planalto.gov.br/ccivil_03/_ato2023-2026/2026/lei/L15457.htm	html
PRO2-007	https://www.planalto.gov.br/ccivil_03/_ato2023-2026/2026/lei/L15520.htm	html
PRO2-008	https://www.planalto.gov.br/ccivil_03/_ato2023-2026/2026/lei/L15521.htm	html
PRO2-009	https://www.planalto.gov.br/ccivil_03/_ato2023-2026/2026/lei/L15367.htm	html
PRO2-009	https://dadosabertos.camara.leg.br/api/v2/proposicoes/2585316	json
PRO2-009	https://dadosabertos.camara.leg.br/api/v2/proposicoes/2599885	json
PRO2-009	https://www.camara.leg.br/proposicoesWeb/prop_mostrarintegra?codteor=3073106	pdf
PRO2-009	https://www.camara.leg.br/proposicoesWeb/prop_mostrarintegra?codteor=3047681	pdf
PRO2-010	https://legis.senado.leg.br/dadosabertos/processo/8495948	json
PRO2-010	http://legis.senado.leg.br/sdleg-getter/documento?dm=9888242	pdf
PRO2-010	http://legis.senado.leg.br/sdleg-getter/documento?dm=9870489	pdf
PRO2-010	http://legis.senado.leg.br/sdleg-getter/documento?dm=9411164	pdf
PRO2-011	https://www.camara.leg.br/proposicoesWeb/prop_mostrarintegra?codteor=2301955	pdf
PRO2-011	https://dadosabertos.camara.leg.br/api/v2/proposicoes/2374314	json
PRO2-012	https://www.planalto.gov.br/ccivil_03/_ato2019-2022/2022/lei/L14350.htm	html
PRO2-012	https://dadosabertos.camara.leg.br/api/v2/proposicoes/2310615	json
PRO2-013	https://www.planalto.gov.br/ccivil_03/_ato2023-2026/2026/mpv/mpv1355.htm	html
PRO2-013	https://dadosabertos.camara.leg.br/api/v2/proposicoes/2620929	json
PRO2-014	https://www.planalto.gov.br/ccivil_03/_ato2023-2026/2024/decreto/D11901.htm	html
PRO2-NAO_LIDO	https://pesquisa.apps.tcu.gov.br/rest/publico/base/acordao-completo/documento?termo=KEY:%22ACORDAO-COMPLETO-2767581%22&quantidade=1&inicio=0	json
PRO2-NAO_LIDO	https://www.gov.br/mec/pt-br/search_rss?SearchableText=novos+campi+institutos+federais	html
PRO2-NAO_LIDO	https://www.gov.br/mec/pt-br/search_rss?SearchableText=Escola+em+Tempo+Integral+matr%C3%ADculas	html
PRO2-NAO_LIDO	https://www.camara.leg.br/proposicoesWeb/prop_mostrarintegra?codteor=1984092	pdf
