RES2-001	https://api.worldbank.org/v2/country/BRA/indicator/LO.PISA.MAT?format=json&date=2009:2025	html
RES2-002	https://api.worldbank.org/v2/country/BRA/indicator/LO.PISA.REA?format=json&date=2009:2025	html
RES2-003	https://api.worldbank.org/v2/country/BRA/indicator/LO.PISA.SCI?format=json&date=2009:2025	html
RES2-004	https://www.gov.br/inep/pt-br/areas-de-atuacao/avaliacao-e-exames-educacionais/pisa/historico	html
RES2-005	https://www.gov.br/inep/pt-br/centrais-de-conteudo/noticias/acoes-internacionais/pisa-brasil-esta-entre-os-paises-que-mais-avancaram-em-educacao-nos-ultimos-20-anos	html
RES2-006	https://agenciabrasil.ebc.com.br/educacao/noticia/2019-12/ministro-culpa-metodologia-paulo-freire-por-resultado-no-pisa	html
RES2-007	https://agenciabrasil.ebc.com.br/educacao/noticia/2026-09/pisa-brasil-reduz-diferenca-para-paises-ricos-no-desempenho-escolar	html
RES2-008	https://agenciabrasil.ebc.com.br/educacao/noticia/2020-09/brasil-avanca-no-ideb-mas-apenas-ensino-fundamental-cumpre-meta	html
RES2-008	https://agenciabrasil.ebc.com.br/educacao/noticia/2020-09/ensino-medio-tem-maior-salto-de-qualidade-desde-2005	html
RES2-009	https://agenciabrasil.ebc.com.br/educacao/noticia/2018-09/ideb-tem-pequeno-avanco-no-ensino-medio-mas-segue-abaixo-da-meta	html
RES2-010	https://agenciabrasil.ebc.com.br/educacao/noticia/2022-09/em-meio-pandemia-aprendizagem-cai-nas-escolas-do-pais	html
RES2-011	https://agenciabrasil.ebc.com.br/educacao/noticia/2024-08/ideb-cresce-e-mostra-aumento-da-qualidade-da-educacao-basica	html
RES2-012	https://agenciabrasil.ebc.com.br/educacao/noticia/2026-08/saeb-2025-brasil-recupera-nivel-pre-pandemia-mas-ainda-tem-gargalos	html
RES2-013	https://www.gov.br/inep/pt-br/centrais-de-conteudo/apresentacoes/pesquisas-estatisticas-e-indicadores-educacionais-1	html
RES2-013	https://download.inep.gov.br/ideb/resultados/apresentacao_ideb_2021.pdf	pdf
RES2-013	http://download.inep.gov.br/educacao_basica/portal_ideb/documentos/2020/Apresentacao_Coletiva_Imprensa_Saeb_2019.pdf	pdf
RES2-013	https://download.inep.gov.br/educacao_basica/portal_ideb/planilhas_para_download/2017/IDEB2017_APRESENTACAO_final.pdf	pdf
RES2-013	https://download.inep.gov.br/censo_escolar/resultados/2022/apresentacao_coletiva.pdf	pdf
RES2-013	https://download.inep.gov.br/censo_escolar/resultados/2021/apresentacao_coletiva.pdf	pdf
RES2-013	https://download.inep.gov.br/censo_escolar/resultados/2020/apresentacao_coletiva.pdf	pdf
RES2-013	https://download.inep.gov.br/educacao_superior/censo_superior/documentos/2022/apresentacao_censo_da_educacao_superior_2022.pdf	pdf
RES2-013	https://download.inep.gov.br/educacao_superior/censo_superior/documentos/2021/apresentacao_censo_da_educacao_superior_2021.pdf	pdf
RES2-013	https://download.inep.gov.br/educacao_superior/censo_superior/documentos/2020/tabelas_de_divulgacao_censo_da_educacao_superior_2020.pdf	pdf
RES2-013	https://download.inep.gov.br/educacao_superior/censo_superior/documentos/2020/Apresentacao_Censo_da_Educacao_Superior_2019.pdf	pdf
RES2-014	https://www.gov.br/inep/pt-br/centrais-de-conteudo/acervo-linha-editorial/publicacoes-institucionais/estatisticas-e-indicadores-educacionais/resultados-do-indice-de-desenvolvimento-da-educacao-basica-2019-resumo-tecnico	html
RES2-014	https://download.inep.gov.br/publicacoes/institucionais/estatisticas_e_indicadores/resultados_indice_desenvolvimento_educacao_basica_2019_resumo_tecnico.pdf	pdf
RES2-015	https://www.gov.br/inep/pt-br/areas-de-atuacao/avaliacao-e-exames-educacionais/saeb/resultados/2019	html
RES2-015	https://download.inep.gov.br/educacao_basica/saeb/2019/resultados/relatorio_de_resultados_do_saeb_2019_volume_3.pdf	pdf
RES2-015	https://download.inep.gov.br/microdados/microdados_saeb_2019.zip	csv
RES2-016	https://www.gov.br/inep/pt-br/areas-de-atuacao/avaliacao-e-exames-educacionais/saeb/resultados/2021	html
RES2-017	https://www.gov.br/inep/pt-br/areas-de-atuacao/avaliacao-e-exames-educacionais/pisa/resultados/2022	html
RES2-017	https://download.inep.gov.br/acoes_internacionais/pisa/resultados/2022/infografico_pisa_2022_brazil.pdf	pdf
RES2-017	https://www.oecd.org/content/dam/oecd/en/publications/reports/2023/12/pisa-2022-results-volume-i_76772a36/53f23881-en.pdf	pdf
RES2-018	https://www.gov.br/inep/pt-br/areas-de-atuacao/avaliacao-e-exames-educacionais/pisa/resultados/2018	html
RES2-019	https://www.gov.br/inep/pt-br/areas-de-atuacao/pesquisas-estatisticas-e-indicadores/ideb/outros-documentos	html
RES2-019	http://download.inep.gov.br/educacao_basica/portal_ideb/o_que_sao_as_metas/Nota_Tecnica_n3_compatibilizacao_PISA_SAEB.pdf	pdf
RES2-020	https://www12.senado.leg.br/publicacoes/estudos-legislativos/tipos-de-estudos/boletins-legislativos/bol109	pdf
RES2-021	https://www12.senado.leg.br/publicacoes/estudos-legislativos/tipos-de-estudos/boletins-legislativos/bol112	pdf
RES2-022	https://basedeconhecimento.cgu.gov.br/server/api/core/bitstreams/892fc77d-23ce-4358-b84e-b6b7ec691a7f/content	pdf
RES2-022	https://basedeconhecimento.cgu.gov.br/server/api/core/bitstreams/f196c6e0-407c-4e20-bb79-64f9eb4bf726/content	html
RES2-022	https://www.gov.br/cgu/pt-br/assuntos/auditoria-e-fiscalizacao/avaliacao-da-gestao-dos-administradores/prestacao-de-contas-do-presidente-da-republica/arquivos/PCPR2022.pdf	pdf
RES2-022	https://www.gov.br/cgu/pt-br/assuntos/auditoria-e-fiscalizacao/avaliacao-da-gestao-dos-administradores/prestacao-de-contas-do-presidente-da-republica/exercicios-anteriores	html
RES2-022	https://basedeconhecimento.cgu.gov.br/server/api/core/bitstreams/d99cad59-1b50-4534-ac19-83205c667706/content	pdf
RES2-ALT	https://www.camara.leg.br/proposicoesWeb/prop_mostrarintegra?codteor=2443432	pdf
RES2-ALT	http://legis.senado.leg.br/sdleg-getter/documento?dm=10135048	pdf
RES2-ALT	https://download.inep.gov.br/publicacoes/institucionais/estatisticas_e_indicadores/notas_estatisticas_censo_da_educacao_basica_2019.pdf	pdf
RES2-ALT	https://www.gov.br/inep/pt-br/imagens/acervo-linha-editorial/relatorio_de_gestao_2020.pdf	pdf
RES2-ALT	https://mestresdoutores2024.cgee.org.br	html
RES2-ALT	https://www.gov.br/capes/pt-br/acesso-a-informacao/transparencia-e-prestacao-de-contas/relatorios-de-gestao	html
