FIN2-001	https://www.planalto.gov.br/ccivil_03/_ato2019-2022/2020/decreto/D10249.htm	html
FIN2-002	https://www.planalto.gov.br/ccivil_03/_ato2019-2022/2020/decreto/Anexo/D10249anexo01a06.htm	html
FIN2-003	https://www.planalto.gov.br/ccivil_03/_ato2019-2022/2020/decreto/D10556.htm	html
FIN2-004	https://www.planalto.gov.br/ccivil_03/_ato2019-2022/2019/decreto/D10181.htm	html
FIN2-005	https://www.planalto.gov.br/ccivil_03/_ato2023-2026/2023/decreto/D11538.htm	html
FIN2-006	https://www.planalto.gov.br/ccivil_03/_ato2023-2026/2023/decreto/D11415.htm	html
FIN2-007	https://www.planalto.gov.br/ccivil_03/_ato2023-2026/2024/decreto/D11927.htm	html
FIN2-008	https://www.planalto.gov.br/ccivil_03/_ato2023-2026/2024/decreto/Anexo/D11927-AnexoI%20a%20IX.htm	html
FIN2-009	https://www.planalto.gov.br/ccivil_03/_ato2023-2026/2024/decreto/Anexo/D11927-AnexoX%20a%20XXI.htm	html
FIN2-010	https://www.planalto.gov.br/ccivil_03/_ato2023-2026/2024/decreto/D12279.htm	html
FIN2-011	https://www.planalto.gov.br/ccivil_03/_ato2023-2026/2025/decreto/D12448.htm	html
FIN2-012	https://www.planalto.gov.br/ccivil_03/_ato2023-2026/2025/decreto/D12477.htm	html
FIN2-013	https://www.planalto.gov.br/ccivil_03/_ato2023-2026/2025/decreto/D12566.htm	html
FIN2-014	https://www.planalto.gov.br/ccivil_03/_ato2023-2026/2026/decreto/D12846.htm	html
FIN2-015	https://www.planalto.gov.br/ccivil_03/_ato2023-2026/2026/decreto/D12914.htm	html
FIN2-016	https://www.planalto.gov.br/ccivil_03/_ato2023-2026/2026/decreto/D12990.htm	html
FIN2-017	https://www.planalto.gov.br/ccivil_03/_ato2023-2026/2026/decreto/D13085.htm	html
FIN2-018	https://www.planalto.gov.br/ccivil_03/_ato2023-2026/2026/decreto/D13130.htm	html
FIN2-019	https://www.planalto.gov.br/ccivil_03/_ato2019-2022/2021/decreto/D10699.htm	html
FIN2-020	https://www.planalto.gov.br/ccivil_03/_ato2019-2022/2022/decreto/D10961.htm	html
FIN2-021	https://www.planalto.gov.br/ccivil_03/_ato2019-2022/2019/decreto/D9711.htm	html
FIN2-022	https://www.planalto.gov.br/ccivil_03/_ato2023-2026/2024/decreto/D12120.htm	html
FIN2-023	https://www.gov.br/planejamento/pt-br/assuntos/orcamento/orcamentos-anuais/2026	html
FIN2-002	https://www.planalto.gov.br/ccivil_03/_ato2019-2022/2020/decreto/Anexo/D10249anexo07a12.htm	html
FIN2-002	https://www.planalto.gov.br/ccivil_03/_ato2019-2022/2020/decreto/Anexo/D10249anexo13a19.htm	html
FIN2-002	https://www.planalto.gov.br/ccivil_03/_ato2019-2022/2020/decreto/Anexo/D10249anexo20a25.htm	html
FIN2-NL1	https://www.planalto.gov.br/ccivil_03/_ato2019-2022/2020/decreto/D10295.htm	html
FIN2-NL2	https://www.planalto.gov.br/ccivil_03/_ato2019-2022/2020/decreto/D10324.htm	html
FIN2-NL3	https://www.planalto.gov.br/ccivil_03/_ato2019-2022/2020/decreto/D10385.htm	html
FIN2-NL4	https://www.planalto.gov.br/ccivil_03/_ato2019-2022/2020/decreto/D10444.htm	html
FIN2-NL5	https://www.planalto.gov.br/ccivil_03/_ato2019-2022/2020/decreto/D10500.htm	html
FIN2-021	https://www.planalto.gov.br/ccivil_03/_ato2019-2022/2019/decreto/Anexo/AnexoI%20a%20IXd9711.htm	html
FIN2-021	https://www.planalto.gov.br/ccivil_03/_ato2019-2022/2019/Ret/DEC9711-ret.pdf	pdf
FIN2-NL6	https://www.planalto.gov.br/ccivil_03/_ato2023-2026/2024/decreto/D11969.htm	html
FIN2-NL7	https://www.planalto.gov.br/ccivil_03/_ato2023-2026/2024/decreto/D12014.htm	html
FIN2-NL8	https://www.planalto.gov.br/ccivil_03/_ato2023-2026/2024/decreto/D12204.htm	html
FIN2-NL9	https://www.planalto.gov.br/ccivil_03/_ato2023-2026/2023/decreto/D11621.htm	html
