PRO-001	https://www.planalto.gov.br/ccivil_03/_ato2019-2022/2019/decreto/D10004.htm	html
PRO-002	https://www.planalto.gov.br/ccivil_03/_ato2023-2026/2023/decreto/D11611.htm	html
PRO-003	https://www.planalto.gov.br/ccivil_03/_ato2019-2022/2019/decreto/D9765.htm	html
PRO-004	https://www.planalto.gov.br/ccivil_03/_ato2023-2026/2023/decreto/D11556.htm	html
PRO-005	https://pesquisa.apps.tcu.gov.br/rest/publico/base/acordao-completo/documento?termo=KEY:%22ACORDAO-COMPLETO-2766175%22&quantidade=1&inicio=0	json
PRO-006	https://pesquisa.apps.tcu.gov.br/rest/publico/base/acordao-completo/documento?termo=KEY:%22ACORDAO-COMPLETO-2694029%22&quantidade=1&inicio=0	json
PRO-007	https://pesquisa.apps.tcu.gov.br/rest/publico/base/acordao-completo/documento?termo=KEY:%22ACORDAO-COMPLETO-2626982%22&quantidade=1&inicio=0	json
PRO-008	https://dadosabertos.camara.leg.br/api/v2/proposicoes/2254321	json
PRO-009	https://www.planalto.gov.br/ccivil_03/_ato2019-2022/2021/lei/L14180.htm	html
PRO-010	https://www.planalto.gov.br/ccivil_03/_ato2019-2022/2021/lei/L14172.htm	html
PRO-011	https://pesquisa.apps.tcu.gov.br/rest/publico/base/acordao-completo/documento?termo=KEY:%22ACORDAO-COMPLETO-2515133%22&quantidade=1&inicio=0	json
PRO-012	https://pesquisa.apps.tcu.gov.br/rest/publico/base/acordao-completo/documento?termo=KEY:%22ACORDAO-COMPLETO-2651691%22&quantidade=1&inicio=0	json
PRO-013	https://www.planalto.gov.br/ccivil_03/_ato2023-2026/2023/decreto/D11713.htm	html
PRO-014	https://pesquisa.apps.tcu.gov.br/rest/publico/base/acordao-completo/documento?termo=KEY:%22ACORDAO-COMPLETO-2745885%22&quantidade=1&inicio=0	json
PRO-015	https://www.planalto.gov.br/ccivil_03/_ato2019-2022/2020/lei/L14040.htm	html
PRO-016	https://pesquisa.apps.tcu.gov.br/rest/publico/base/acordao-completo/documento?termo=KEY:%22ACORDAO-COMPLETO-2471623%22&quantidade=1&inicio=0	json
PRO-017	https://pesquisa.apps.tcu.gov.br/rest/publico/base/acordao-completo/documento?termo=KEY:%22ACORDAO-COMPLETO-2416944%22&quantidade=1&inicio=0	json
PRO-018	https://www.planalto.gov.br/ccivil_03/_ato2019-2022/2022/lei/L14375.htm	html
PRO-019	https://pesquisa.apps.tcu.gov.br/rest/publico/base/acordao-completo/documento?termo=KEY:%22ACORDAO-COMPLETO-2653971%22&quantidade=1&inicio=0	json
PRO-020	https://www.planalto.gov.br/ccivil_03/_ato2023-2026/2023/lei/L14640.htm	html
PRO-021	https://pesquisa.apps.tcu.gov.br/rest/publico/base/acordao-completo/documento?termo=KEY:%22ACORDAO-COMPLETO-2745828%22&quantidade=1&inicio=0	json
PRO-022	https://www.planalto.gov.br/ccivil_03/_ato2023-2026/2024/lei/L14818.htm	html
PRO-023	https://pesquisa.apps.tcu.gov.br/rest/publico/base/acordao-completo/documentosResumidos?termo=%22p%C3%A9-de-meia%22&ordenacao=DTRELEVANCIA%20desc&quantidade=30&inicio=0	json
PRO-024	https://pesquisa.apps.tcu.gov.br/rest/publico/base/acordao-completo/documento?termo=KEY:%22ACORDAO-COMPLETO-2736844%22&quantidade=1&inicio=0	json
PRO-025	https://pesquisa.apps.tcu.gov.br/rest/publico/base/acordao-completo/documento?termo=KEY:%22ACORDAO-COMPLETO-2731658%22&quantidade=1&inicio=0	json
PRO-026	https://www.planalto.gov.br/ccivil_03/_ato2023-2026/2025/lei/L15265.htm	html
PRO-027	https://www.planalto.gov.br/ccivil_03/_ato2023-2026/2023/lei/L14719.htm	html
PRO-028	https://pesquisa.apps.tcu.gov.br/rest/publico/base/acordao-completo/documento?termo=KEY:%22ACORDAO-COMPLETO-2681681%22&quantidade=1&inicio=0	json
PRO-029	https://www.planalto.gov.br/ccivil_03/_ato2023-2026/2025/decreto/D12358.htm	html
PRO-030	https://www.planalto.gov.br/ccivil_03/_ato2023-2026/2024/lei/L14945.htm	html
PRO-031	https://pesquisa.apps.tcu.gov.br/rest/publico/base/acordao-completo/documento?termo=KEY:%22ACORDAO-COMPLETO-2585400%22&quantidade=1&inicio=0	json
PRO-032	https://pesquisa.apps.tcu.gov.br/rest/publico/base/acordao-completo/documento?termo=KEY:%22ACORDAO-COMPLETO-2658219%22&quantidade=1&inicio=0	json
PRO-033	https://pesquisa.apps.tcu.gov.br/rest/publico/base/acordao-completo/documento?termo=KEY:%22ACORDAO-COMPLETO-2736893%22&quantidade=1&inicio=0	json
PRO-034	https://pesquisa.apps.tcu.gov.br/rest/publico/base/acordao-completo/documento?termo=KEY:%22ACORDAO-COMPLETO-2763994%22&quantidade=1&inicio=0	json
PRO-035	https://dadosabertos.camara.leg.br/api/v2/proposicoes/2362716/autores	json
PRO-036	https://dadosabertos.camara.leg.br/api/v2/proposicoes/2268691/autores	json
PRO-037	https://dadosabertos.camara.leg.br/api/v2/proposicoes/2399598/autores	json
PRO-008	https://www.camara.leg.br/proposicoesWeb/prop_mostrarintegra?codteor=1900012	pdf
PRO-023	https://pesquisa.apps.tcu.gov.br/rest/publico/base/acordao-completo/documento?termo=KEY:%22ACORDAO-COMPLETO-2697158%22&quantidade=1&inicio=0	json
PRO-023	https://pesquisa.apps.tcu.gov.br/rest/publico/base/acordao-completo/documento?termo=KEY:%22ACORDAO-COMPLETO-2699850%22&quantidade=1&inicio=0	json
PRO-023	https://pesquisa.apps.tcu.gov.br/rest/publico/base/acordao-completo/documento?termo=KEY:%22ACORDAO-COMPLETO-2742411%22&quantidade=1&inicio=0	json
PRO-023	https://pesquisa.apps.tcu.gov.br/rest/publico/base/acordao-completo/documento?termo=KEY:%22ACORDAO-COMPLETO-2767569%22&quantidade=1&inicio=0	json
PRO-012	https://pesquisa.apps.tcu.gov.br/rest/publico/base/acordao-completo/documento?termo=KEY:%22ACORDAO-COMPLETO-2721472%22&quantidade=1&inicio=0	json
PRO-014	https://pesquisa.apps.tcu.gov.br/rest/publico/base/acordao-completo/documento?termo=KEY:%22ACORDAO-COMPLETO-2775273%22&quantidade=1&inicio=0	json
PRO-035	https://dadosabertos.camara.leg.br/api/v2/proposicoes/2362716	json
PRO-036	https://dadosabertos.camara.leg.br/api/v2/proposicoes/2407288	json
PRO-037	https://dadosabertos.camara.leg.br/api/v2/proposicoes/2399598	json
PRO-010	https://www.planalto.gov.br/ccivil_03/_ato2019-2022/2021/Msg/VEP/VEP-81.htm	html
PRO-NAO_LIDO	https://www.gov.br/mec/pt-br/pe-de-meia	html
PRO-NAO_LIDO	https://www.gov.br/mec/pt-br/pe-de-meia/como-funciona	html
PRO-NAO_LIDO	https://www.planalto.gov.br/ccivil_03/_ato2019-2022/2020/lei/L13987.htm	html
