FLA2-001	https://legis.senado.leg.br/dadosabertos/processo/relatoria?codigoParlamentar=5894	html
FLA2-001	https://legis.senado.leg.br/dadosabertos/processo/relatoria?codigoParlamentar=5894&dataInicio=2019-01-01&dataFim=2019-12-31	html
FLA2-001	https://legis.senado.leg.br/dadosabertos/processo/relatoria?codigoParlamentar=5894&dataInicio=2020-01-01&dataFim=2022-12-31	html
FLA2-001	https://legis.senado.leg.br/dadosabertos/processo/relatoria?codigoParlamentar=5894&dataInicio=2023-01-01&dataFim=2026-12-31	html
FLA2-001	https://legis.senado.leg.br/dadosabertos/processo/relatoria?codigoParlamentar=5894&dataInicio=2024-07-01&dataFim=2026-09-30	html
FLA2-001	https://legis.senado.leg.br/dadosabertos/senador/5894/relatorias?comissao=CE	html
FLA2-002	https://www25.senado.leg.br/web/atividade/materias/-/materia/136368	html
FLA2-002	https://legis.senado.leg.br/dadosabertos/processo/relatoria?codigoMateria=136368	html
FLA2-003	https://www25.senado.leg.br/web/atividade/materias/-/materia/156828	html
FLA2-003	https://legis.senado.leg.br/dadosabertos/processo/relatoria?codigoMateria=156828	html
FLA2-004	https://www25.senado.leg.br/web/atividade/materias/-/materia/156731	html
FLA2-004	https://legis.senado.leg.br/dadosabertos/processo/relatoria?codigoMateria=156731	html
FLA2-005	https://www25.senado.leg.br/web/atividade/materias/-/materia/156733	html
FLA2-005	https://legis.senado.leg.br/dadosabertos/processo/relatoria?codigoMateria=156733	html
FLA2-006	https://www25.senado.leg.br/web/atividade/materias/-/materia/148894	html
FLA2-006	https://legis.senado.leg.br/dadosabertos/processo/relatoria?codigoMateria=148894	html
FLA2-007	https://www25.senado.leg.br/web/atividade/materias/-/materia/156718	html
FLA2-008	https://portaldatransparencia.gov.br/emendas/consulta?ordenarPor=autor&direcao=asc&autor=FLAVIO%20BOLSONARO&funcao=12	html
FLA2-008	https://portaldatransparencia.gov.br/download-de-dados/emendas-parlamentares/UNICO	csv
FLA2-008	https://api.portaldatransparencia.gov.br/api-de-dados/emendas?nomeAutor=FLAVIO%20BOLSONARO&pagina=1	html
FLA2-008	https://portaldatransparencia.gov.br/pagina-interna/603482-dicionario-de-dados-emendas-parlamentares	html
FLA2-009	https://www.congressonacional.leg.br/web/orcamento/acompanhe/orcamento-anual/-/loa/2023	html
FLA2-009	https://www9qs.senado.leg.br/extensions/Siga_Brasil_Emendas/Siga_Brasil_Emendas.html	html
FLA2-009	https://www2.camara.leg.br/ig-orcamento/	html
FLA2-009	https://legis.senado.leg.br/dadosabertos/orcamento/lista	html
FLA2-009	https://legis.senado.leg.br/dadosabertos/orcamento/oficios	html
FLA2-010	https://alerjln1.alerj.rj.gov.br/scpro1115.nsf/e4bb858a5b3d42e383256cee006ab66a/8efacb230422473b83257b78004b72bc?OpenDocument	html
FLA2-011	http://alerjln1.alerj.rj.gov.br/contlei.nsf/flaviobolsonaroint?OpenForm	html
FLA2-011	https://alerjln1.alerj.rj.gov.br/contlei.nsf/flaviobolsonaroint?OpenForm&Start=1&Count=15&Expand=1	html
FLA2-011	https://alerjln1.alerj.rj.gov.br/contlei.nsf/flaviobolsonaroint?OpenForm&Start=1&Count=15&Expand=2	html
FLA2-011	https://alerjln1.alerj.rj.gov.br/contlei.nsf/flaviobolsonaroint?OpenForm&Start=1&Count=15&Expand=3	html
FLA2-011	https://alerjln1.alerj.rj.gov.br/scpro1519.nsf/flaviobolsonaroint?OpenForm&Start=1&Count=15&Collapse=1	html
FLA2-011	https://alerjln1.alerj.rj.gov.br/scpro1115.nsf/flaviobolsonaroint?OpenForm&Start=1.4&Count=15&Expand=1.4	html
FLA2-011	https://alerjln1.alerj.rj.gov.br/scpro0711.nsf/flaviobolsonaroint?OpenForm&Start=1&Count=15&Collapse=1	html
FLA2-011	http://alerjln1.alerj.rj.gov.br/scpro0307.nsf/flaviobolsonaroint?openform&expandview	html
