NOR-001	https://www.planalto.gov.br/ccivil_03/_ato2019-2022/2019/decreto/D9765.htm	html
NOR-002	https://www.planalto.gov.br/ccivil_03/_ato2023-2026/2023/decreto/D11556.htm	html
NOR-003	https://www.planalto.gov.br/ccivil_03/_ato2019-2022/2019/decreto/D10004.htm	html
NOR-004	https://www.planalto.gov.br/ccivil_03/_ato2023-2026/2023/decreto/D11611.htm	html
NOR-005	https://www.planalto.gov.br/ccivil_03/_ato2019-2022/2020/decreto/D10502.htm	html
NOR-006	https://www.planalto.gov.br/ccivil_03/_ato2023-2026/2023/decreto/D11370.htm	html
NOR-007	https://www.planalto.gov.br/ccivil_03/_ato2019-2022/2019/mpv/mpv914.htm	html
NOR-007	https://legis.senado.leg.br/dadosabertos/materia/MPV/914/2019	html
NOR-008	https://www.planalto.gov.br/ccivil_03/_ato2019-2022/2020/mpv/mpv979.htm	html
NOR-008	https://www.planalto.gov.br/ccivil_03/_ato2019-2022/2020/mpv/mpv981.htm	html
NOR-008	https://legis.senado.leg.br/dadosabertos/materia/MPV/979/2020	html
NOR-009	https://www.planalto.gov.br/ccivil_03/_ato2019-2022/2019/decreto/D9725.htm	html
NOR-010	https://www.planalto.gov.br/ccivil_03/_ato2023-2026/2026/lei/L15367.htm	html
NOR-010	https://www.planalto.gov.br/ccivil_03/leis/l5540.htm	html
NOR-010	https://www.planalto.gov.br/ccivil_03/_ato2007-2010/2008/lei/l11892.htm	html
NOR-010	https://www.lexml.gov.br/urn/urn:lex:br:federal:lei:2026-03-30;15367	html
NOR-010	http://legis.senado.leg.br/norma/42966204/publicacao/42972730	html
NOR-010	https://dadosabertos.camara.leg.br/api/v2/proposicoes/2585316/tramitacoes	html
NOR-010	https://dadosabertos.camara.leg.br/api/v2/proposicoes/2585316/autores	html
NOR-010	https://dadosabertos.camara.leg.br/api/v2/proposicoes/2592447	html
NOR-011	https://legis.senado.leg.br/dadosabertos/materia/pesquisa/lista?sigla=MPV&ano=2019	html
NOR-011	https://legis.senado.leg.br/dadosabertos/materia/pesquisa/lista?sigla=MPV&ano=2020	html
NOR-011	https://legis.senado.leg.br/dadosabertos/materia/pesquisa/lista?sigla=MPV&ano=2021	html
NOR-011	https://legis.senado.leg.br/dadosabertos/materia/pesquisa/lista?sigla=MPV&ano=2022	html
NOR-011	https://legis.senado.leg.br/dadosabertos/materia/MPV/934/2020	html
NOR-011	https://legis.senado.leg.br/dadosabertos/materia/MPV/1060/2021	html
NOR-011	https://legis.senado.leg.br/dadosabertos/materia/MPV/1075/2021	html
NOR-011	https://legis.senado.leg.br/dadosabertos/materia/MPV/1090/2021	html
NOR-011	https://legis.senado.leg.br/dadosabertos/materia/MPV/1136/2022	html
NOR-011	https://legis.senado.leg.br/dadosabertos/materia/MPV/1140/2022	html
NOR-012	https://legis.senado.leg.br/dadosabertos/materia/pesquisa/lista?sigla=MPV&ano=2023	html
NOR-012	https://legis.senado.leg.br/dadosabertos/materia/pesquisa/lista?sigla=MPV&ano=2024	html
NOR-012	https://legis.senado.leg.br/dadosabertos/materia/pesquisa/lista?sigla=MPV&ano=2025	html
NOR-012	https://legis.senado.leg.br/dadosabertos/materia/pesquisa/lista?sigla=MPV&ano=2026	html
NOR-012	https://legis.senado.leg.br/dadosabertos/materia/MPV/1174/2023	html
NOR-012	https://legis.senado.leg.br/dadosabertos/materia/MPV/1198/2023	html
NOR-012	https://legis.senado.leg.br/dadosabertos/materia/MPV/1334/2026	html
NOR-013	https://legis.senado.leg.br/dadosabertos/materia/pesquisa/lista?sigla=VET&ano=2019	html
NOR-013	https://legis.senado.leg.br/dadosabertos/materia/pesquisa/lista?sigla=VET&ano=2020	html
NOR-013	https://legis.senado.leg.br/dadosabertos/materia/pesquisa/lista?sigla=VET&ano=2021	html
NOR-013	https://legis.senado.leg.br/dadosabertos/materia/pesquisa/lista?sigla=VET&ano=2022	html
NOR-013	https://legis.senado.leg.br/dadosabertos/materia/VET/37/2019	html
NOR-013	https://legis.senado.leg.br/dadosabertos/materia/VET/54/2019	html
NOR-013	https://legis.senado.leg.br/dadosabertos/materia/VET/28/2020	html
NOR-013	https://legis.senado.leg.br/dadosabertos/materia/VET/39/2020	html
NOR-013	https://legis.senado.leg.br/dadosabertos/materia/VET/2/2021	html
NOR-013	https://legis.senado.leg.br/dadosabertos/materia/VET/10/2021	html
NOR-013	https://legis.senado.leg.br/dadosabertos/materia/VET/34/2021	html
NOR-013	https://legis.senado.leg.br/dadosabertos/materia/VET/59/2021	html
NOR-013	https://legis.senado.leg.br/dadosabertos/materia/VET/69/2021	html
NOR-013	https://legis.senado.leg.br/dadosabertos/materia/VET/13/2022	html
NOR-013	https://legis.senado.leg.br/dadosabertos/materia/VET/33/2022	html
NOR-013	https://legis.senado.leg.br/dadosabertos/materia/VET/34/2022	html
NOR-014	https://legis.senado.leg.br/dadosabertos/materia/pesquisa/lista?sigla=VET&ano=2023	html
NOR-014	https://legis.senado.leg.br/dadosabertos/materia/pesquisa/lista?sigla=VET&ano=2024	html
NOR-014	https://legis.senado.leg.br/dadosabertos/materia/pesquisa/lista?sigla=VET&ano=2025	html
NOR-014	https://legis.senado.leg.br/dadosabertos/materia/pesquisa/lista?sigla=VET&ano=2026	html
NOR-014	https://legis.senado.leg.br/dadosabertos/materia/VET/3/2023	html
NOR-014	https://legis.senado.leg.br/dadosabertos/materia/VET/19/2023	html
NOR-014	https://legis.senado.leg.br/dadosabertos/materia/VET/21/2023	html
NOR-014	https://legis.senado.leg.br/dadosabertos/materia/VET/29/2023	html
NOR-014	https://legis.senado.leg.br/dadosabertos/materia/VET/37/2023	html
NOR-014	https://legis.senado.leg.br/dadosabertos/materia/VET/3/2024	html
NOR-014	https://legis.senado.leg.br/dadosabertos/materia/VET/6/2024	html
NOR-014	https://legis.senado.leg.br/dadosabertos/materia/VET/13/2024	html
NOR-014	https://legis.senado.leg.br/dadosabertos/materia/VET/17/2024	html
NOR-014	https://legis.senado.leg.br/dadosabertos/materia/VET/18/2024	html
NOR-014	https://legis.senado.leg.br/dadosabertos/materia/VET/22/2024	html
NOR-014	https://legis.senado.leg.br/dadosabertos/materia/VET/37/2025	html
NOR-014	https://legis.senado.leg.br/dadosabertos/materia/VET/43/2025	html
NOR-014	https://legis.senado.leg.br/dadosabertos/materia/VET/41/2026	html
NOR-014	https://legis.senado.leg.br/dadosabertos/materia/VET/42/2026	html
NOR-014	https://legis.senado.leg.br/dadosabertos/materia/VET/53/2026	html
NOR-015	https://www.planalto.gov.br/ccivil_03/_ato2019-2022/2019/lei/L13935.htm	html
NOR-016	https://www.planalto.gov.br/ccivil_03/_ato2019-2022/2020/lei/L14040.htm	html
NOR-017	https://www.planalto.gov.br/ccivil_03/constituicao/emendas/emc/emc108.htm	html
NOR-017	https://dadosabertos.camara.leg.br/api/v2/proposicoes/1198512/votacoes	html
NOR-017	https://dadosabertos.camara.leg.br/api/v2/votacoes/1198512-250/orientacoes	html
NOR-018	https://www.planalto.gov.br/ccivil_03/_ato2019-2022/2020/lei/L14113.htm	html
NOR-018	https://www.planalto.gov.br/ccivil_03/_ato2019-2022/2021/decreto/D10656.htm	html
NOR-019	https://www.planalto.gov.br/ccivil_03/_ato2019-2022/2021/lei/L14172.htm	html
NOR-019	https://www.planalto.gov.br/ccivil_03/_ato2019-2022/2022/lei/L14351.htm	html
NOR-020	https://www.planalto.gov.br/ccivil_03/_ato2019-2022/2021/lei/L14191.htm	html
NOR-021	https://www.planalto.gov.br/ccivil_03/_ato2019-2022/2022/lei/L14350.htm	html
NOR-022	https://www.planalto.gov.br/ccivil_03/_ato2023-2026/2023/lei/L14533.htm	html
NOR-023	https://www.planalto.gov.br/ccivil_03/_ato2023-2026/2023/lei/L14540.htm	html
NOR-024	https://www.planalto.gov.br/ccivil_03/_ato2023-2026/2023/lei/L14640.htm	html
NOR-025	https://www.planalto.gov.br/ccivil_03/_ato2023-2026/2023/lei/L14723.htm	html
NOR-025	https://dadosabertos.camara.leg.br/api/v2/proposicoes/2266069/votacoes	html
NOR-025	https://dadosabertos.camara.leg.br/api/v2/votacoes/2266069-109/orientacoes	html
NOR-026	https://www.planalto.gov.br/ccivil_03/_ato2023-2026/2024/lei/L14818.htm	html
NOR-027	https://www.planalto.gov.br/ccivil_03/_ato2023-2026/2024/lei/L14945.htm	html
NOR-027	https://dadosabertos.camara.leg.br/api/v2/proposicoes/2399598/autores	html
NOR-027	https://dadosabertos.camara.leg.br/api/v2/proposicoes/2399598/votacoes	html
NOR-027	https://dadosabertos.camara.leg.br/api/v2/votacoes/2399598-112/orientacoes	html
NOR-028	https://www.planalto.gov.br/ccivil_03/_ato2023-2026/2024/lei/L14934.htm	html
NOR-028	https://www.planalto.gov.br/ccivil_03/_ato2011-2014/2014/lei/l13005.htm	html
NOR-029	https://www.planalto.gov.br/ccivil_03/_ato2023-2026/2026/lei/L15388.htm	html
NOR-029	https://dadosabertos.camara.leg.br/api/v2/proposicoes/2443764	html
NOR-029	https://dadosabertos.camara.leg.br/api/v2/proposicoes/2443764/autores	html
NOR-029	https://dadosabertos.camara.leg.br/api/v2/proposicoes/2443764/tramitacoes?dataInicio=2025-12-01	html
NOR-030	https://www.planalto.gov.br/ccivil_03/_ato2023-2026/2025/lei/L15100.htm	html
NOR-031	https://www.planalto.gov.br/ccivil_03/_ato2023-2026/2026/lei/L15437.htm	html
NOR-032	https://www.planalto.gov.br/ccivil_03/leis/lcp/Lcp220.htm	html
NOR-033	https://www.planalto.gov.br/ccivil_03/_ato2023-2026/2025/decreto/D12456.htm	html
NOR-034	https://www.planalto.gov.br/ccivil_03/_ato2023-2026/2025/decreto/D12686.htm	html
NOR-034	https://www.planalto.gov.br/ccivil_03/_ato2023-2026/2025/decreto/D12773.htm	html
NOR-035	https://dadosabertos.camara.leg.br/api/v2/proposicoes/2198615	html
NOR-035	https://dadosabertos.camara.leg.br/api/v2/proposicoes/2198615/autores	html
NOR-035	https://dadosabertos.camara.leg.br/api/v2/proposicoes/2254321	html
NOR-035	https://dadosabertos.camara.leg.br/api/v2/proposicoes/2254321/autores	html
NOR-035	https://legis.senado.leg.br/dadosabertos/materia/PL/1338/2022	html
NOR-036	https://www.planalto.gov.br/ccivil_03/_ato2023-2026/2026/lei/L15518.htm	html
NOR-010	https://www.camara.leg.br/proposicoesWeb/prop_mostrarintegra?codteor=3059582	pdf
NOR-029	https://www.camara.leg.br/proposicoesWeb/prop_mostrarintegra?codteor=2443432	pdf
NOR-010	http://pesquisa.in.gov.br/imprensa/jsp/visualiza/index.jsp?jornal=515&pagina=5&data=31/03/2026	pdf
NOR-011	https://www.planalto.gov.br/ccivil_03/_ato2019-2022/2022/mpv/mpv1136.htm	html
